date,year,month,month_name,week,weekday,is_weekend
2025-04-01,2025,4,April,14,Tuesday,False
2025-04-02,2025,4,April,14,Wednesday,False
2025-04-03,2025,4,April,14,Thursday,False
2025-04-04,2025,4,April,14,Friday,False
2025-04-05,2025,4,April,14,Saturday,True
2025-04-06,2025,4,April,14,Sunday,True
2025-04-07,2025,4,April,15,Monday,False
2025-04-08,2025,4,April,15,Tuesday,False
2025-04-09,2025,4,April,15,Wednesday,False
2025-04-10,2025,4,April,15,Thursday,False
2025-04-11,2025,4,April,15,Friday,False
2025-04-12,2025,4,April,15,Saturday,True
2025-04-13,2025,4,April,15,Sunday,True
2025-04-14,2025,4,April,16,Monday,False
2025-04-15,2025,4,April,16,Tuesday,False
2025-04-16,2025,4,April,16,Wednesday,False
2025-04-17,2025,4,April,16,Thursday,False
2025-04-18,2025,4,April,16,Friday,False
2025-04-19,2025,4,April,16,Saturday,True
2025-04-20,2025,4,April,16,Sunday,True
2025-04-21,2025,4,April,17,Monday,False
2025-04-22,2025,4,April,17,Tuesday,False
2025-04-23,2025,4,April,17,Wednesday,False
2025-04-24,2025,4,April,17,Thursday,False
2025-04-25,2025,4,April,17,Friday,False
2025-04-26,2025,4,April,17,Saturday,True
2025-04-27,2025,4,April,17,Sunday,True
2025-04-28,2025,4,April,18,Monday,False
2025-04-29,2025,4,April,18,Tuesday,False
2025-04-30,2025,4,April,18,Wednesday,False
2025-05-01,2025,5,May,18,Thursday,False
2025-05-02,2025,5,May,18,Friday,False
2025-05-03,2025,5,May,18,Saturday,True
2025-05-04,2025,5,May,18,Sunday,True
2025-05-05,2025,5,May,19,Monday,False
2025-05-06,2025,5,May,19,Tuesday,False
2025-05-07,2025,5,May,19,Wednesday,False
2025-05-08,2025,5,May,19,Thursday,False
2025-05-09,2025,5,May,19,Friday,False
2025-05-10,2025,5,May,19,Saturday,True
2025-05-11,2025,5,May,19,Sunday,True
2025-05-12,2025,5,May,20,Monday,False
2025-05-13,2025,5,May,20,Tuesday,False
2025-05-14,2025,5,May,20,Wednesday,False
2025-05-15,2025,5,May,20,Thursday,False
2025-05-16,2025,5,May,20,Friday,False
2025-05-17,2025,5,May,20,Saturday,True
2025-05-18,2025,5,May,20,Sunday,True
2025-05-19,2025,5,May,21,Monday,False
2025-05-20,2025,5,May,21,Tuesday,False
2025-05-21,2025,5,May,21,Wednesday,False
2025-05-22,2025,5,May,21,Thursday,False
2025-05-23,2025,5,May,21,Friday,False
2025-05-24,2025,5,May,21,Saturday,True
2025-05-25,2025,5,May,21,Sunday,True
2025-05-26,2025,5,May,22,Monday,False
2025-05-27,2025,5,May,22,Tuesday,False
2025-05-28,2025,5,May,22,Wednesday,False
2025-05-29,2025,5,May,22,Thursday,False
2025-05-30,2025,5,May,22,Friday,False
2025-05-31,2025,5,May,22,Saturday,True
2025-06-01,2025,6,June,22,Sunday,True
2025-06-02,2025,6,June,23,Monday,False
2025-06-03,2025,6,June,23,Tuesday,False
2025-06-04,2025,6,June,23,Wednesday,False
2025-06-05,2025,6,June,23,Thursday,False
2025-06-06,2025,6,June,23,Friday,False
2025-06-07,2025,6,June,23,Saturday,True
2025-06-08,2025,6,June,23,Sunday,True
2025-06-09,2025,6,June,24,Monday,False
2025-06-10,2025,6,June,24,Tuesday,False
2025-06-11,2025,6,June,24,Wednesday,False
2025-06-12,2025,6,June,24,Thursday,False
2025-06-13,2025,6,June,24,Friday,False
2025-06-14,2025,6,June,24,Saturday,True
2025-06-15,2025,6,June,24,Sunday,True
2025-06-16,2025,6,June,25,Monday,False
2025-06-17,2025,6,June,25,Tuesday,False
2025-06-18,2025,6,June,25,Wednesday,False
2025-06-19,2025,6,June,25,Thursday,False
2025-06-20,2025,6,June,25,Friday,False
2025-06-21,2025,6,June,25,Saturday,True
2025-06-22,2025,6,June,25,Sunday,True
2025-06-23,2025,6,June,26,Monday,False
2025-06-24,2025,6,June,26,Tuesday,False
2025-06-25,2025,6,June,26,Wednesday,False
2025-06-26,2025,6,June,26,Thursday,False
2025-06-27,2025,6,June,26,Friday,False
2025-06-28,2025,6,June,26,Saturday,True
2025-06-29,2025,6,June,26,Sunday,True
2025-06-30,2025,6,June,27,Monday,False
2025-07-01,2025,7,July,27,Tuesday,False
2025-07-02,2025,7,July,27,Wednesday,False
2025-07-03,2025,7,July,27,Thursday,False
2025-07-04,2025,7,July,27,Friday,False
2025-07-05,2025,7,July,27,Saturday,True
2025-07-06,2025,7,July,27,Sunday,True
2025-07-07,2025,7,July,28,Monday,False
2025-07-08,2025,7,July,28,Tuesday,False
2025-07-09,2025,7,July,28,Wednesday,False
2025-07-10,2025,7,July,28,Thursday,False
2025-07-11,2025,7,July,28,Friday,False
2025-07-12,2025,7,July,28,Saturday,True
2025-07-13,2025,7,July,28,Sunday,True
2025-07-14,2025,7,July,29,Monday,False
2025-07-15,2025,7,July,29,Tuesday,False
2025-07-16,2025,7,July,29,Wednesday,False
2025-07-17,2025,7,July,29,Thursday,False
2025-07-18,2025,7,July,29,Friday,False
2025-07-19,2025,7,July,29,Saturday,True
2025-07-20,2025,7,July,29,Sunday,True
2025-07-21,2025,7,July,30,Monday,False
2025-07-22,2025,7,July,30,Tuesday,False
2025-07-23,2025,7,July,30,Wednesday,False
2025-07-24,2025,7,July,30,Thursday,False
2025-07-25,2025,7,July,30,Friday,False
2025-07-26,2025,7,July,30,Saturday,True
2025-07-27,2025,7,July,30,Sunday,True
2025-07-28,2025,7,July,31,Monday,False
2025-07-29,2025,7,July,31,Tuesday,False
2025-07-30,2025,7,July,31,Wednesday,False
2025-07-31,2025,7,July,31,Thursday,False
2025-08-01,2025,8,August,31,Friday,False
2025-08-02,2025,8,August,31,Saturday,True
2025-08-03,2025,8,August,31,Sunday,True
2025-08-04,2025,8,August,32,Monday,False
2025-08-05,2025,8,August,32,Tuesday,False
2025-08-06,2025,8,August,32,Wednesday,False
2025-08-07,2025,8,August,32,Thursday,False
2025-08-08,2025,8,August,32,Friday,False
2025-08-09,2025,8,August,32,Saturday,True
2025-08-10,2025,8,August,32,Sunday,True
2025-08-11,2025,8,August,33,Monday,False
2025-08-12,2025,8,August,33,Tuesday,False
2025-08-13,2025,8,August,33,Wednesday,False
2025-08-14,2025,8,August,33,Thursday,False
2025-08-15,2025,8,August,33,Friday,False
2025-08-16,2025,8,August,33,Saturday,True
2025-08-17,2025,8,August,33,Sunday,True
2025-08-18,2025,8,August,34,Monday,False
2025-08-19,2025,8,August,34,Tuesday,False
2025-08-20,2025,8,August,34,Wednesday,False
2025-08-21,2025,8,August,34,Thursday,False
2025-08-22,2025,8,August,34,Friday,False
2025-08-23,2025,8,August,34,Saturday,True
2025-08-24,2025,8,August,34,Sunday,True
2025-08-25,2025,8,August,35,Monday,False
2025-08-26,2025,8,August,35,Tuesday,False
2025-08-27,2025,8,August,35,Wednesday,False
2025-08-28,2025,8,August,35,Thursday,False
