customer_id,total_transactions,total_amount,avg_amount,max_risk_score,avg_risk_score,critical_alerts,high_alerts,flagged_transactions,confirmed_fraud_transactions,customer_segment,account_type,home_city,age,gender,risk_tier
CUST00001,31,161354.37,5204.979677419355,49.44,7.520967741935484,0,1,1,0,Premium,Checking,Ahmedabad,25,Female,High
CUST00002,84,354329.92,4218.213333333333,50.98,7.574285714285715,0,2,2,0,Retail,Savings,Ahmedabad,37,Female,High
CUST00003,76,343220.48,4516.05894736842,40.21,6.280921052631579,0,1,1,0,Retail,Savings,Hyderabad,27,Female,High
CUST00004,110,713107.58,6482.796181818181,46.54,6.400181818181818,0,2,2,0,Premium,Checking,Chennai,52,Male,High
CUST00005,50,281728.16,5634.5632,45.37,7.2408,0,2,2,0,Premium,Premium,Delhi,43,Male,High
CUST00006,105,451372.71,4298.787714285714,42.43,5.802190476190477,0,1,1,0,Retail,Savings,Delhi,36,Female,High
CUST00007,82,600450.27,7322.564268292683,59.4,7.090121951219512,0,2,2,0,Premium,Checking,Ahmedabad,44,Female,High
CUST00008,42,158063.0,3763.404761904762,29.96,6.718333333333334,0,0,0,0,Retail,Checking,Delhi,46,Female,Medium
CUST00009,116,177640.55,1531.3840517241379,49.1,7.8597413793103446,0,5,5,0,Retail,Savings,Hyderabad,30,Female,High
CUST00010,65,263785.65,4058.2407692307697,43.49,7.143538461538461,0,2,2,0,Retail,Checking,Ahmedabad,39,Male,High
CUST00011,77,440864.07,5725.507402597403,40.74,6.500779220779221,0,2,2,0,Premium,Savings,Bengaluru,35,Male,High
CUST00012,88,560975.75,6374.724431818182,56.7,7.145909090909091,0,3,3,0,Premium,Checking,Kolkata,32,Male,High
CUST00013,68,432833.3,6365.195588235294,57.41,8.721764705882354,0,4,4,0,Premium,Savings,Mumbai,33,Male,High
CUST00014,14,45766.0,3269.0,71.93,11.062142857142858,1,0,1,0,Retail,Savings,Kolkata,45,Male,Critical
CUST00015,115,2131666.01,18536.22617391304,57.01,9.976347826086956,0,4,4,0,Business,Checking,Delhi,26,Female,High
CUST00016,111,280559.82,2527.565945945946,47.1,5.945405405405406,0,6,6,0,Retail,Savings,Ahmedabad,26,Male,High
CUST00017,63,243733.78,3868.7901587301585,45.47,7.485396825396826,0,1,1,0,Retail,Premium,Chennai,40,Male,High
CUST00018,71,195727.88999999998,2756.730845070422,56.27,8.558732394366197,0,3,3,0,Retail,Savings,Kolkata,57,Female,High
CUST00019,46,82858.18,1801.2647826086954,43.97,8.296739130434784,0,2,2,0,Retail,Checking,Chennai,42,Female,High
CUST00020,87,135874.07,1561.77091954023,57.95,5.828390804597701,0,2,2,0,Retail,Premium,Chennai,45,Male,High
CUST00021,80,1199362.85,14992.035625,48.89,9.2965,0,3,3,0,Business,Checking,Hyderabad,72,Male,High
CUST00022,68,230555.32,3390.519411764706,48.33,7.381176470588236,0,3,3,0,Retail,Checking,Pune,30,Female,High
CUST00023,67,403252.52,6018.6943283582095,66.05,8.059253731343285,1,1,2,0,Retail,Checking,Delhi,32,Male,Critical
CUST00024,57,420427.2,7375.9157894736845,70.5,12.022631578947367,1,6,7,2,Retail,Checking,Lucknow,23,Female,Critical
CUST00025,49,134995.98,2755.0200000000004,43.4,9.421632653061224,0,3,3,0,Retail,Savings,Chennai,49,Male,High
CUST00026,83,1720583.38,20729.920240963853,45.76,9.239759036144578,0,1,1,0,Business,Premium,Mumbai,23,Female,High
CUST00027,91,898674.5599999999,9875.544615384615,46.16,7.987802197802198,0,3,3,0,Premium,Checking,Pune,53,Female,High
CUST00028,70,416828.23,5954.688999999999,54.06,6.946714285714285,0,4,4,0,Retail,Savings,Bengaluru,23,Male,High
CUST00029,66,164840.63,2497.5853030303033,49.93,6.526363636363636,0,2,2,0,Retail,Checking,Pune,24,Male,High
CUST00030,65,16773.03,258.0466153846154,42.74,8.466615384615386,0,1,1,0,Retail,Checking,Mumbai,54,Female,High
CUST00031,84,465005.37,5535.778214285714,76.94,7.634880952380953,2,2,4,1,Premium,Checking,Pune,27,Male,Critical
CUST00032,94,297446.43,3164.3237234042554,41.18,5.655638297872341,0,2,2,0,Retail,Savings,Lucknow,32,Male,High
CUST00033,87,127367.62,1463.995632183908,54.66,8.059885057471265,0,2,2,0,Retail,Checking,Lucknow,35,Male,High
CUST00034,66,991601.53,15024.265606060606,62.67,8.354090909090909,1,1,2,0,Business,Checking,Lucknow,60,Male,Critical
CUST00035,36,235473.0,6540.916666666667,55.32,10.51361111111111,0,3,3,0,Premium,Savings,Delhi,29,Female,High
CUST00036,23,79089.75,3438.6847826086955,58.44,10.01,0,1,1,0,Retail,Savings,Kolkata,31,Male,High
CUST00037,41,446920.87,10900.509024390243,45.89,8.20219512195122,0,1,1,0,Premium,Checking,Bengaluru,22,Female,High
CUST00038,98,427630.23,4363.573775510204,50.69,7.221632653061225,0,4,4,0,Retail,Savings,Delhi,58,Male,High
CUST00039,40,139178.56,3479.464,46.82,6.793000000000001,0,1,1,0,Retail,Savings,Delhi,21,Female,High
CUST00040,63,213741.51,3392.722380952381,72.45,13.198730158730159,5,2,7,6,Retail,Savings,Kolkata,39,Male,Critical
CUST00041,53,189377.91,3573.1681132075473,56.35,9.863584905660376,0,4,4,0,Retail,Checking,Delhi,71,Male,High
CUST00042,22,169877.07,7721.685,20.43,7.201818181818182,0,0,0,0,Premium,Savings,Pune,24,Female,Medium
CUST00043,66,424039.34,6424.838484848486,39.93,7.908484848484849,0,0,0,0,Premium,Checking,Lucknow,24,Male,Medium
CUST00044,73,485108.71,6645.3247945205485,48.92,6.583287671232877,0,2,2,0,Premium,Savings,Pune,39,Male,High
CUST00045,97,84511.19,871.249381443299,62.29,7.889278350515464,1,4,5,0,Retail,Savings,Delhi,18,Male,Critical
CUST00046,144,519996.99,3611.090208333333,52.57,7.843958333333333,0,5,5,0,Retail,Premium,Chennai,25,Male,High
CUST00047,69,166227.73,2409.097536231884,46.05,8.069710144927535,0,1,1,0,Retail,Checking,Pune,58,Male,High
CUST00048,120,377196.23,3143.3019166666663,46.43,7.3261666666666665,0,5,5,0,Retail,Premium,Ahmedabad,23,Male,High
CUST00049,65,946056.66,14554.717846153846,47.28,9.504615384615384,0,2,2,0,Business,Savings,Ahmedabad,46,Female,High
CUST00050,70,1127316.29,16104.51842857143,43.66,9.866142857142856,0,3,3,0,Business,Savings,Ahmedabad,29,Female,High
CUST00051,84,275186.11,3276.025119047619,41.03,6.4748809523809525,0,2,2,0,Retail,Savings,Delhi,51,Female,High
CUST00052,137,2031260.07,14826.71583941606,50.73,9.818905109489052,0,4,4,0,Business,Savings,Hyderabad,18,Female,High
CUST00053,85,283426.84,3334.4334117647063,54.19,4.862705882352941,0,1,1,0,Retail,Savings,Hyderabad,31,Male,High
CUST00054,41,184118.74,4490.700975609756,57.95,9.125121951219512,0,2,2,0,Retail,Savings,Chennai,36,Male,High
CUST00055,81,1426667.02,17613.173086419753,49.74,10.073827160493828,0,2,2,0,Business,Checking,Ahmedabad,29,Other,High
CUST00056,8,24941.13,3117.64125,15.93,10.3775,0,0,0,0,Retail,Premium,Ahmedabad,48,Female,Low
CUST00057,27,30625.12,1134.2637037037036,40.98,9.39925925925926,0,1,1,0,Retail,Checking,Kolkata,39,Male,High
CUST00058,72,257615.49,3577.9929166666666,45.41,6.614166666666667,0,2,2,0,Premium,Savings,Chennai,44,Male,High
CUST00059,96,1622761.81,16903.76885416667,57.32,8.1496875,0,1,1,0,Business,Checking,Jaipur,46,Female,High
CUST00060,63,269203.28,4273.067936507937,41.17,8.075714285714286,0,2,2,0,Retail,Checking,Mumbai,29,Female,High
CUST00061,26,33352.58,1282.7915384615385,42.82,10.386153846153848,0,1,1,0,Retail,Checking,Mumbai,36,Female,High
CUST00062,123,2426367.15,19726.56219512195,58.69,9.619186991869919,0,4,4,0,Business,Checking,Mumbai,46,Male,High
CUST00063,29,52170.56,1798.9848275862068,66.5,10.552413793103447,1,1,2,0,Retail,Premium,Bengaluru,54,Male,Critical
CUST00064,42,822900.9,19592.878571428573,86.56,24.29547619047619,7,4,11,8,Business,Checking,Bengaluru,47,Male,Critical
CUST00065,25,50441.88,2017.6752,31.42,7.694,0,0,0,0,Retail,Savings,Jaipur,18,Male,Medium
CUST00066,62,298196.15,4809.615322580646,82.85,8.21967741935484,1,2,3,2,Retail,Savings,Ahmedabad,35,Female,Critical
CUST00067,86,1637958.17,19046.02523255814,75.91,11.463372093023256,1,6,7,1,Business,Savings,Kolkata,34,Male,Critical
CUST00068,93,163774.51,1761.01623655914,80.81,12.492903225806451,7,2,9,8,Retail,Savings,Delhi,38,Female,Critical
CUST00069,52,59999.93,1153.8448076923078,28.52,6.3673076923076914,0,0,0,0,Retail,Checking,Hyderabad,27,Male,Medium
CUST00070,62,160970.16999999998,2596.2930645161287,52.62,6.156612903225806,0,1,1,0,Retail,Checking,Hyderabad,51,Female,High
CUST00071,151,480493.31,3182.074900662252,74.33,7.763443708609271,1,4,5,0,Retail,Savings,Chennai,33,Female,Critical
CUST00072,56,1059382.96,18917.552857142855,59.36,10.6975,0,3,3,0,Business,Savings,Ahmedabad,39,Male,High
CUST00073,85,576071.42,6777.310823529412,60.67,7.068705882352941,1,1,2,0,Premium,Savings,Jaipur,45,Male,Critical
CUST00074,132,120500.94,912.8859090909091,43.82,8.70378787878788,0,4,4,0,Retail,Checking,Chennai,18,Male,High
CUST00075,82,476243.28,5807.844878048781,41.74,8.175121951219513,0,3,3,0,Retail,Premium,Kolkata,19,Male,High
CUST00076,104,285158.21,2741.9058653846155,63.62,7.071153846153846,1,2,3,0,Retail,Checking,Kolkata,19,Female,Critical
CUST00077,40,245649.15,6141.22875,41.99,8.992,0,1,1,0,Premium,Premium,Delhi,29,Other,High
CUST00078,73,222944.79,3054.0382191780823,67.15,6.427671232876713,1,3,4,0,Retail,Savings,Delhi,54,Male,Critical
CUST00079,86,1718714.71,19985.05476744186,72.32,10.471627906976744,1,4,5,1,Business,Savings,Delhi,26,Female,Critical
CUST00080,80,140317.01,1753.9626250000001,40.69,6.61225,0,2,2,0,Retail,Savings,Pune,18,Female,High
CUST00081,86,364544.44,4238.888837209302,45.68,5.849767441860465,0,2,2,0,Retail,Savings,Kolkata,36,Female,High
CUST00082,49,326726.27,6667.88306122449,52.47,8.294285714285715,0,3,3,0,Premium,Savings,Hyderabad,41,Female,High
CUST00083,50,154213.22,3084.2644,54.2,8.7528,0,2,2,0,Retail,Premium,Chennai,27,Male,High
CUST00084,24,444144.82,18506.034166666668,46.35,14.839166666666666,0,3,3,0,Business,Savings,Delhi,36,Male,High
CUST00085,132,647901.08,4908.341515151515,47.03,7.558181818181818,0,5,5,0,Retail,Premium,Bengaluru,27,Female,High
CUST00086,113,1852860.17,16396.992654867256,64.97,9.711150442477877,1,3,4,0,Business,Checking,Lucknow,18,Female,Critical
CUST00087,73,93383.03,1279.2195890410958,48.93,7.602465753424657,0,2,2,0,Retail,Premium,Hyderabad,27,Female,High
CUST00088,56,151202.08,2700.0371428571425,54.34,7.898571428571429,0,3,3,0,Retail,Savings,Ahmedabad,32,Other,High
CUST00089,58,281629.33,4855.6781034482765,43.48,7.514310344827586,0,2,2,0,Retail,Checking,Hyderabad,18,Female,High
CUST00090,48,201773.47,4203.613958333333,46.13,9.768749999999999,0,2,2,0,Retail,Savings,Lucknow,47,Female,High
CUST00091,85,707125.21,8319.120117647059,46.44,7.411764705882353,0,1,1,0,Premium,Checking,Ahmedabad,43,Male,High
CUST00092,94,194844.27,2072.8113829787235,50.77,6.485,0,3,3,0,Retail,Savings,Kolkata,32,Male,High
CUST00093,147,743644.09,5058.803333333333,50.03,8.23108843537415,0,4,4,0,Retail,Premium,Jaipur,54,Male,High
CUST00094,101,125995.07,1247.4759405940595,49.15,7.87940594059406,0,4,4,0,Retail,Premium,Pune,34,Male,High
CUST00095,70,1116749.18,15953.559714285713,38.02,8.722714285714286,0,0,0,0,Business,Savings,Ahmedabad,46,Female,Medium
CUST00096,137,314105.74,2292.742627737226,43.16,6.55,0,3,3,0,Retail,Savings,Lucknow,22,Male,High
CUST00097,91,176603.1,1940.6934065934067,40.5,6.56032967032967,0,2,2,0,Retail,Savings,Chennai,24,Male,High
CUST00098,69,531416.6,7701.689855072464,66.32,11.035942028985508,1,5,6,0,Premium,Savings,Hyderabad,18,Male,Critical
CUST00099,80,333781.67,4172.270875,78.93,6.7655,1,3,4,0,Retail,Checking,Chennai,43,Male,Critical
CUST00100,92,375857.09,4085.4031521739134,51.57,7.693260869565217,0,4,4,0,Retail,Premium,Bengaluru,48,Female,High
CUST00101,64,165345.16999999998,2583.5182812499997,60.68,8.464375,1,3,4,0,Retail,Premium,Ahmedabad,47,Male,Critical
CUST00102,80,278003.02,3475.0377500000004,42.73,6.835500000000001,0,3,3,0,Retail,Premium,Pune,55,Male,High
CUST00103,34,53997.259999999995,1588.1547058823528,34.59,11.041764705882354,0,0,0,0,Retail,Savings,Lucknow,28,Female,Medium
CUST00104,34,151922.4,4468.305882352941,30.43,6.6450000000000005,0,0,0,0,Retail,Savings,Chennai,35,Male,Medium
CUST00105,39,164644.59,4221.656153846154,72.51,10.432307692307692,1,2,3,0,Retail,Savings,Chennai,35,Male,Critical
CUST00106,45,122234.29,2716.3175555555554,43.82,7.638,0,3,3,0,Retail,Savings,Pune,23,Male,High
CUST00107,72,417152.65,5793.7868055555555,54.48,6.4725,0,2,2,0,Retail,Checking,Chennai,18,Female,High
CUST00108,75,280229.53,3736.393733333334,34.67,6.541733333333333,0,0,0,0,Retail,Savings,Mumbai,24,Female,Medium
CUST00109,110,26374.23,239.76572727272728,46.29,8.626727272727273,0,3,3,0,Retail,Savings,Mumbai,47,Female,High
CUST00110,85,475579.27999999997,5595.050352941176,67.26,7.338823529411764,1,5,6,0,Retail,Premium,Pune,18,Female,Critical
CUST00111,138,2885922.34,20912.48072463768,52.05,11.82572463768116,0,5,5,0,Business,Savings,Jaipur,38,Male,High
CUST00112,103,872554.8,8471.405825242718,51.95,8.372135922330097,0,5,5,0,Premium,Checking,Jaipur,48,Male,High
CUST00113,30,71946.53,2398.2176666666664,17.88,5.282666666666667,0,0,0,0,Retail,Savings,Mumbai,42,Female,Low
CUST00114,86,568074.34,6605.515581395349,40.38,6.865348837209302,0,1,1,0,Premium,Checking,Ahmedabad,54,Female,High
CUST00115,143,2586990.48,18090.842517482517,57.86,12.487342657342658,0,6,6,0,Business,Savings,Delhi,38,Female,High
CUST00116,65,430498.94,6623.060615384616,49.11,6.704307692307693,0,1,1,0,Premium,Savings,Delhi,40,Male,High
CUST00117,101,323132.58,3199.332475247525,44.51,5.23990099009901,0,2,2,0,Retail,Checking,Pune,44,Male,High
CUST00118,77,236733.77,3074.4645454545453,56.61,8.110000000000001,0,4,4,0,Retail,Checking,Jaipur,38,Female,High
CUST00119,74,1366074.88,18460.47135135135,41.68,10.375810810810812,0,2,2,0,Business,Savings,Pune,36,Female,High
CUST00120,82,209317.21,2552.6489024390244,40.43,5.395609756097561,0,1,1,0,Retail,Premium,Pune,31,Male,High
CUST00121,42,157681.85,3754.329761904762,37.13,8.322619047619048,0,0,0,0,Retail,Premium,Lucknow,32,Male,Medium
CUST00122,9,43201.96,4800.217777777778,32.36,11.063333333333333,0,0,0,0,Retail,Savings,Ahmedabad,38,Female,Medium
CUST00123,59,953393.01,16159.203559322033,46.56,8.988474576271187,0,1,1,0,Business,Premium,Pune,24,Male,High
CUST00124,78,1395249.74,17887.817179487178,43.19,12.402820512820512,0,4,4,0,Business,Savings,Ahmedabad,33,Male,High
CUST00125,71,299269.97,4215.07,50.24,7.8416901408450705,0,3,3,0,Retail,Savings,Chennai,75,Male,High
CUST00126,78,281947.51,3614.7116666666666,46.73,6.937051282051282,0,3,3,0,Retail,Savings,Delhi,38,Male,High
CUST00127,52,158696.85,3051.8625,42.68,8.00576923076923,0,1,1,0,Retail,Checking,Lucknow,26,Male,High
CUST00128,41,141122.75,3442.018292682927,51.47,7.932682926829268,0,2,2,0,Retail,Savings,Delhi,33,Female,High
CUST00129,75,199376.75,2658.3566666666666,38.31,6.553866666666667,0,0,0,0,Retail,Savings,Kolkata,18,Female,Medium
CUST00130,81,1433308.41,17695.165555555555,44.19,10.376913580246914,0,3,3,0,Business,Premium,Lucknow,49,Male,High
CUST00131,84,552766.96,6580.559047619047,45.62,5.655714285714286,0,1,1,0,Premium,Checking,Pune,18,Male,High
CUST00132,21,69177.58,3294.170476190476,33.27,7.693809523809524,0,0,0,0,Retail,Checking,Delhi,50,Male,Medium
CUST00133,89,630451.25,7083.721910112359,49.56,7.780449438202248,0,2,2,0,Retail,Premium,Ahmedabad,36,Male,High
CUST00134,66,272696.99,4131.772575757575,68.79,5.668333333333334,1,0,1,0,Retail,Savings,Bengaluru,25,Female,Critical
CUST00135,63,18063.22,286.71777777777777,49.0,8.16126984126984,0,1,1,0,Retail,Savings,Jaipur,55,Female,High
CUST00136,103,289644.17,2812.0793203883495,55.03,8.32126213592233,0,3,3,0,Retail,Savings,Jaipur,31,Male,High
CUST00137,87,1843525.48,21189.948045977013,46.15,11.56655172413793,0,4,4,0,Business,Savings,Delhi,38,Female,High
CUST00138,89,253424.38,2847.4649438202246,56.98,5.42314606741573,0,3,3,0,Retail,Savings,Bengaluru,36,Female,High
CUST00139,92,20771.5,225.77717391304347,50.4,9.324673913043478,0,7,7,0,Retail,Savings,Hyderabad,41,Female,High
CUST00140,118,2106837.67,17854.55652542373,74.42,10.686186440677966,1,4,5,2,Business,Savings,Hyderabad,43,Female,Critical
CUST00141,42,306599.71,7299.9930952380955,57.61,11.130952380952381,0,3,3,0,Premium,Savings,Kolkata,37,Female,High
CUST00142,87,386918.38,4447.337701149425,42.38,6.923678160919541,0,2,2,0,Retail,Savings,Mumbai,21,Male,High
CUST00143,114,1927931.99,16911.68412280702,43.6,10.05622807017544,0,3,3,0,Business,Savings,Kolkata,40,Female,High
CUST00144,111,2034124.01,18325.44153153153,58.24,9.882522522522523,0,4,4,0,Business,Savings,Pune,43,Female,High
CUST00145,48,334118.86,6960.809583333333,44.32,9.819374999999999,0,2,2,0,Premium,Checking,Mumbai,21,Female,High
CUST00146,77,213674.29,2774.990779220779,50.7,6.812077922077922,0,3,3,0,Retail,Checking,Chennai,55,Female,High
CUST00147,63,136349.23,2164.273492063492,40.58,6.263015873015873,0,1,1,0,Retail,Checking,Pune,39,Male,High
CUST00148,97,387082.9,3990.5453608247426,49.2,7.691855670103093,0,3,3,0,Retail,Checking,Delhi,42,Male,High
CUST00149,79,433684.02999999997,5489.671265822784,46.31,8.485569620253164,0,3,3,0,Premium,Savings,Delhi,31,Male,High
CUST00150,81,275758.03,3404.4201234567904,47.8,6.794320987654322,0,3,3,0,Retail,Premium,Delhi,45,Female,High
CUST00151,121,567876.52,4693.19438016529,56.31,7.009173553719008,0,2,2,0,Retail,Checking,Lucknow,18,Male,High
CUST00152,67,286059.89,4269.550597014925,52.82,5.637910447761194,0,1,1,0,Retail,Premium,Kolkata,43,Female,High
CUST00153,48,132435.34,2759.0695833333334,30.47,6.5929166666666665,0,0,0,0,Retail,Savings,Jaipur,26,Male,Medium
CUST00154,59,326642.03,5536.30559322034,48.34,8.18593220338983,0,2,2,0,Premium,Premium,Lucknow,44,Female,High
CUST00155,66,268095.68,4062.0557575757575,66.76,6.178181818181818,1,1,2,0,Retail,Checking,Hyderabad,21,Female,Critical
CUST00156,64,425129.6,6642.65,45.38,6.9334375,0,2,2,0,Premium,Premium,Hyderabad,55,Male,High
CUST00157,61,92537.26,1517.0042622950818,52.66,7.957540983606558,0,5,5,0,Retail,Checking,Ahmedabad,55,Other,High
CUST00158,115,275253.1,2393.505217391304,50.09,7.204000000000001,0,3,3,0,Retail,Checking,Delhi,40,Male,High
CUST00159,25,72265.71,2890.6284,44.02,10.980799999999999,0,1,1,0,Retail,Premium,Delhi,43,Female,High
CUST00160,108,445788.58,4127.672037037038,46.89,6.854722222222222,0,3,3,0,Retail,Savings,Delhi,34,Other,High
CUST00161,94,425010.48,4521.388085106383,52.11,6.897021276595744,0,4,4,0,Retail,Checking,Lucknow,37,Male,High
CUST00162,27,113237.53,4193.9825925925925,47.9,12.120740740740741,0,3,3,0,Retail,Savings,Hyderabad,45,Female,High
CUST00163,74,388926.05,5255.757432432432,46.15,7.787162162162162,0,1,1,0,Premium,Checking,Hyderabad,48,Male,High
CUST00164,92,136545.53,1484.190543478261,45.13,6.687391304347826,0,2,2,0,Retail,Savings,Jaipur,51,Male,High
CUST00165,74,459801.52,6213.534054054055,59.91,9.076081081081082,0,3,3,0,Retail,Checking,Hyderabad,35,Male,High
CUST00166,62,334821.47000000003,5400.346290322581,78.06,8.62983870967742,1,2,3,0,Retail,Checking,Jaipur,27,Female,Critical
CUST00167,13,70972.48,5459.421538461538,61.43,16.54,1,0,1,0,Retail,Checking,Bengaluru,38,Male,Critical
CUST00168,98,218761.7,2232.262244897959,59.43,8.90030612244898,0,5,5,0,Retail,Savings,Bengaluru,38,Female,High
CUST00169,78,313252.98,4016.063846153846,48.5,6.138461538461539,0,1,1,0,Retail,Checking,Chennai,49,Female,High
CUST00170,59,147180.89,2494.5913559322034,43.7,5.855254237288135,0,1,1,0,Retail,Savings,Lucknow,18,Female,High
CUST00171,54,347507.9,6435.331481481482,44.13,8.1,0,2,2,0,Premium,Checking,Pune,27,Female,High
CUST00172,43,25760.19,599.0741860465116,44.69,9.151627906976744,0,1,1,0,Retail,Checking,Hyderabad,36,Male,High
CUST00173,108,189662.15,1756.1310185185184,43.47,5.9329629629629625,0,2,2,0,Retail,Checking,Bengaluru,43,Male,High
CUST00174,134,375476.4,2802.0626865671643,43.33,6.790149253731343,0,3,3,0,Retail,Savings,Bengaluru,34,Male,High
CUST00175,56,78962.8,1410.05,59.8,9.038035714285714,0,4,4,1,Retail,Checking,Lucknow,47,Male,High
CUST00176,57,155327.18,2725.038245614035,56.56,8.949824561403508,0,3,3,0,Retail,Savings,Mumbai,22,Male,High
CUST00177,61,243564.3,3992.8573770491803,54.74,7.1411475409836065,0,3,3,0,Retail,Savings,Chennai,27,Female,High
CUST00178,41,10387.97,253.3651219512195,55.72,11.939512195121951,0,2,2,0,Retail,Savings,Lucknow,18,Female,High
CUST00179,103,201453.81,1955.8622330097087,46.88,5.824563106796117,0,3,3,0,Retail,Premium,Ahmedabad,53,Male,High
CUST00180,34,188830.7,5553.844117647059,33.33,6.943529411764706,0,0,0,0,Premium,Savings,Lucknow,44,Female,Medium
CUST00181,95,351371.91,3698.651684210526,59.97,10.12021052631579,0,5,5,0,Retail,Checking,Lucknow,39,Male,High
CUST00182,106,220467.61000000002,2079.8831132075475,41.59,7.0783018867924525,0,1,1,0,Retail,Savings,Delhi,53,Female,High
CUST00183,130,578428.39,4449.449153846154,52.56,7.570769230769231,0,5,5,0,Retail,Savings,Lucknow,18,Male,High
CUST00184,134,370019.3,2761.3380597014925,58.85,7.64679104477612,0,3,3,0,Retail,Savings,Kolkata,29,Male,High
CUST00185,59,170956.38999999998,2897.5659322033894,52.55,8.408474576271187,0,4,4,0,Retail,Checking,Ahmedabad,39,Female,High
CUST00186,66,352344.05,5338.546212121212,52.95,5.947727272727273,0,2,2,0,Retail,Savings,Lucknow,45,Female,High
CUST00187,55,185940.65,3380.739090909091,40.71,8.45,0,1,1,0,Retail,Checking,Pune,38,Female,High
CUST00188,29,100356.14,3460.556551724138,48.69,8.652068965517241,0,1,1,0,Retail,Savings,Jaipur,18,Female,High
CUST00189,8,16003.74,2000.4675,36.16,17.53125,0,0,0,0,Retail,Savings,Chennai,47,Female,Medium
CUST00190,79,506012.22,6405.217974683544,57.55,7.431772151898734,0,4,4,0,Premium,Savings,Lucknow,19,Male,High
CUST00191,51,12260.1,240.39411764705883,47.39,8.424117647058823,0,2,2,0,Retail,Checking,Delhi,45,Male,High
CUST00192,87,180611.62,2075.995632183908,58.13,7.158735632183907,0,4,4,0,Retail,Checking,Chennai,33,Male,High
CUST00193,40,184919.94,4622.9985,40.41,5.72875,0,1,1,0,Retail,Savings,Jaipur,35,Female,High
CUST00194,26,83775.67,3222.141153846154,33.9,10.275384615384617,0,0,0,0,Retail,Savings,Chennai,19,Male,Medium
CUST00195,90,295809.11,3286.7678888888886,46.74,7.9143333333333326,0,3,3,0,Retail,Premium,Delhi,18,Female,High
CUST00196,77,475986.18,6181.638701298702,47.51,7.9898701298701305,0,3,3,0,Premium,Checking,Mumbai,45,Male,High
CUST00197,96,1619452.97,16869.301770833332,55.14,11.42125,0,6,6,0,Business,Savings,Pune,25,Female,High
CUST00198,124,1031946.78,8322.151451612903,59.98,8.105322580645161,0,7,7,0,Premium,Savings,Mumbai,44,Male,High
CUST00199,119,286396.92,2406.696806722689,44.2,7.911848739495798,0,4,4,0,Retail,Savings,Pune,31,Female,High
CUST00200,115,558333.88,4855.077217391305,57.0,7.814521739130434,0,5,5,0,Retail,Premium,Chennai,33,Female,High
CUST00201,86,625634.82,7274.8234883720925,40.68,6.035813953488373,0,2,2,0,Premium,Premium,Jaipur,47,Female,High
CUST00202,79,1050973.44,13303.461265822783,42.39,9.88379746835443,0,4,4,0,Business,Checking,Pune,41,Male,High
CUST00203,44,151066.79,3433.3361363636363,40.38,6.927727272727273,0,1,1,0,Retail,Savings,Chennai,39,Female,High
CUST00204,91,555517.99,6104.593296703297,47.28,7.050879120879121,0,2,2,0,Retail,Savings,Kolkata,31,Female,High
CUST00205,63,166551.77,2643.6788888888887,41.36,7.126984126984127,0,3,3,0,Retail,Savings,Lucknow,21,Male,High
CUST00206,80,301797.54,3772.4692499999996,86.79,8.363,1,2,3,0,Retail,Checking,Pune,41,Female,Critical
CUST00207,114,670600.88,5882.463859649123,77.6,7.49517543859649,1,3,4,0,Retail,Savings,Jaipur,53,Female,Critical
CUST00208,72,332716.41,4621.06125,33.12,5.36,0,0,0,0,Retail,Savings,Chennai,35,Female,Medium
CUST00209,46,312318.79,6789.538913043478,70.59,11.688478260869564,1,3,4,0,Premium,Savings,Hyderabad,49,Male,Critical
CUST00210,34,6642.32,195.36235294117645,63.03,10.564411764705882,1,1,2,0,Retail,Savings,Hyderabad,40,Male,Critical
CUST00211,82,254042.62,3098.080731707317,44.46,8.301707317073172,0,4,4,0,Retail,Savings,Hyderabad,42,Other,High
CUST00212,78,311425.21,3992.6308974358976,48.15,7.422179487179487,0,4,4,0,Retail,Savings,Hyderabad,34,Female,High
CUST00213,87,814649.0,9363.781609195403,41.84,6.194482758620689,0,1,1,0,Premium,Checking,Hyderabad,36,Female,High
CUST00214,32,79867.37,2495.8553125,34.85,8.6271875,0,0,0,0,Retail,Checking,Lucknow,27,Male,Medium
CUST00215,7,22519.79,3217.112857142857,35.04,12.641428571428573,0,0,0,0,Retail,Savings,Bengaluru,18,Female,Medium
CUST00216,99,2017783.98,20381.656363636364,77.25,15.241919191919193,5,4,9,6,Business,Savings,Bengaluru,63,Female,Critical
CUST00217,33,120402.01,3648.5457575757573,44.79,9.31030303030303,0,3,3,0,Retail,Savings,Jaipur,41,Male,High
CUST00218,59,86015.87,1457.8961016949152,47.84,7.813050847457627,0,1,1,0,Retail,Checking,Bengaluru,30,Male,High
CUST00219,62,360577.93,5815.773064516129,50.34,6.805161290322581,0,2,2,0,Premium,Savings,Ahmedabad,24,Male,High
CUST00220,130,372488.93,2865.2994615384614,60.3,6.508846153846154,1,1,2,0,Retail,Savings,Delhi,35,Male,Critical
CUST00221,82,43819.37,534.3825609756097,42.03,7.545121951219513,0,1,1,0,Retail,Savings,Delhi,44,Female,High
CUST00222,65,198182.86,3048.9670769230765,68.77,7.54,1,2,3,0,Premium,Premium,Hyderabad,34,Female,Critical
CUST00223,105,24761.41,235.8229523809524,41.34,7.075333333333333,0,1,1,0,Retail,Savings,Ahmedabad,50,Male,High
CUST00224,85,476124.1,5601.46,44.79,8.595529411764707,0,4,4,0,Premium,Savings,Pune,49,Female,High
CUST00225,69,536307.74,7772.575942028985,42.56,7.474927536231884,0,2,2,0,Premium,Savings,Lucknow,56,Female,High
CUST00226,25,90156.46,3606.2584,45.83,10.2796,0,1,1,0,Retail,Savings,Lucknow,18,Male,High
CUST00227,101,643611.84,6372.394455445544,49.26,7.773168316831684,0,4,4,0,Premium,Checking,Lucknow,33,Female,High
CUST00228,48,65451.5,1363.5729166666667,42.66,7.377916666666667,0,1,1,0,Retail,Checking,Bengaluru,33,Male,High
CUST00229,70,248268.54,3546.6934285714287,51.64,6.077999999999999,0,2,2,0,Retail,Savings,Lucknow,39,Female,High
CUST00230,14,59620.49,4258.606428571428,27.27,8.986428571428572,0,0,0,0,Retail,Savings,Chennai,20,Male,Medium
CUST00231,25,154035.28,6161.4112,59.9,12.258799999999999,0,2,2,0,Premium,Savings,Bengaluru,36,Male,High
CUST00232,71,69220.45,974.9359154929577,56.35,9.959014084507043,0,3,3,0,Retail,Savings,Delhi,26,Female,High
CUST00233,39,235721.88999999998,6044.151025641026,29.12,7.7784615384615385,0,0,0,0,Retail,Premium,Lucknow,43,Female,Medium
CUST00234,93,480969.94,5171.719784946236,46.02,7.403655913978494,0,3,3,0,Retail,Savings,Mumbai,53,Female,High
CUST00235,78,202421.59,2595.1485897435896,41.17,7.9303846153846145,0,2,2,0,Retail,Savings,Lucknow,33,Female,High
CUST00236,95,602602.34,6343.182526315789,42.16,7.094947368421052,0,3,3,0,Premium,Savings,Hyderabad,72,Female,High
CUST00237,115,1693897.22,14729.54104347826,45.75,8.67513043478261,0,3,3,0,Business,Premium,Ahmedabad,52,Male,High
CUST00238,87,260259.59,2991.489540229885,54.03,7.067356321839081,0,2,2,0,Retail,Checking,Jaipur,23,Female,High
CUST00239,85,472048.01,5553.506,48.08,6.251176470588236,0,3,3,0,Premium,Savings,Ahmedabad,49,Female,High
CUST00240,111,313686.42,2826.0037837837835,43.0,5.828558558558559,0,1,1,0,Retail,Savings,Bengaluru,45,Male,High
CUST00241,71,175355.24,2469.792112676056,34.1,6.201549295774648,0,0,0,0,Retail,Checking,Ahmedabad,31,Male,Medium
CUST00242,31,293127.87,9455.737741935483,31.68,8.542903225806452,0,0,0,0,Premium,Premium,Ahmedabad,18,Female,Medium
CUST00243,89,260521.84,2927.2116853932584,41.29,7.7619101123595495,0,2,2,0,Retail,Savings,Hyderabad,52,Female,High
CUST00244,22,143555.36,6525.243636363636,41.1,13.784090909090908,0,2,2,0,Premium,Savings,Chennai,18,Female,High
CUST00245,48,86760.86,1807.5179166666667,72.29,12.322916666666666,1,3,4,1,Retail,Savings,Kolkata,29,Female,Critical
CUST00246,100,778722.41,7787.2241,53.36,7.9038,0,3,3,0,Premium,Savings,Mumbai,45,Male,High
CUST00247,38,261657.71,6885.729210526316,50.12,11.292894736842106,0,4,4,0,Premium,Checking,Ahmedabad,36,Female,High
CUST00248,51,70367.56,1379.7560784313725,52.74,9.306274509803922,0,4,4,0,Retail,Savings,Ahmedabad,66,Female,High
CUST00249,103,345413.02999999997,3353.524563106796,49.14,7.0165048543689315,0,3,3,0,Retail,Savings,Ahmedabad,40,Female,High
CUST00250,69,102729.87,1488.8386956521738,56.25,9.43855072463768,0,5,5,0,Retail,Savings,Jaipur,18,Female,High
CUST00251,52,62070.01,1193.6540384615384,68.77,8.022115384615384,1,2,3,1,Retail,Savings,Chennai,45,Other,Critical
CUST00252,64,460924.77,7201.94953125,49.78,8.0046875,0,4,4,0,Premium,Checking,Mumbai,39,Female,High
CUST00253,31,148662.28,4795.557419354839,56.53,9.955806451612903,0,2,2,0,Retail,Savings,Kolkata,35,Male,High
CUST00254,31,103040.57,3323.88935483871,42.5,10.524193548387096,0,2,2,0,Retail,Savings,Ahmedabad,39,Female,High
CUST00255,51,397721.08,7798.452549019608,45.36,8.98607843137255,0,2,2,0,Premium,Savings,Jaipur,31,Female,High
CUST00256,161,872554.43,5419.592732919255,51.13,7.364596273291926,0,4,4,0,Retail,Checking,Bengaluru,31,Female,High
CUST00257,47,68720.7,1462.1425531914892,50.65,9.040425531914893,0,3,3,0,Retail,Checking,Delhi,23,Male,High
CUST00258,70,195251.8,2789.311428571428,52.42,7.345714285714286,0,4,4,0,Retail,Checking,Mumbai,48,Male,High
CUST00259,41,770769.07,18799.245609756097,71.11,13.943658536585367,1,1,2,0,Business,Savings,Hyderabad,51,Female,Critical
CUST00260,111,456347.59,4111.239549549549,52.91,6.556486486486486,0,4,4,0,Retail,Premium,Mumbai,39,Female,High
CUST00261,107,261454.2,2443.4971962616823,87.05,14.055420560747665,4,12,16,15,Retail,Savings,Hyderabad,41,Female,Critical
CUST00262,55,101780.8,1850.56,41.69,5.61,0,1,1,0,Retail,Savings,Ahmedabad,34,Female,High
CUST00263,71,18006.39,253.61112676056337,33.27,7.130845070422535,0,0,0,0,Retail,Checking,Chennai,34,Female,Medium
CUST00264,85,1512471.43,17793.781529411764,47.29,12.167411764705882,0,4,4,0,Business,Savings,Ahmedabad,49,Male,High
CUST00265,7,103899.12,14842.731428571427,61.41,24.65285714285714,1,1,2,0,Business,Savings,Pune,45,Female,Critical
CUST00266,126,1010819.45,8022.376587301587,44.41,6.885,0,4,4,0,Premium,Savings,Bengaluru,45,Other,High
CUST00267,103,372111.2,3612.730097087379,45.13,6.529223300970874,0,2,2,0,Retail,Savings,Lucknow,46,Female,High
CUST00268,89,618182.56,6945.871460674158,48.9,7.506516853932585,0,3,3,0,Premium,Savings,Kolkata,34,Male,High
CUST00269,74,99869.01,1349.581216216216,49.32,8.049594594594595,0,4,4,0,Retail,Checking,Jaipur,22,Male,High
CUST00270,51,182878.65,3585.855882352941,71.32,8.763333333333334,1,2,3,0,Retail,Savings,Delhi,40,Male,Critical
CUST00271,118,168262.18,1425.9506779661017,41.99,6.481271186440678,0,1,1,0,Retail,Savings,Jaipur,42,Female,High
CUST00272,89,250077.18,2809.8559550561795,53.45,9.568651685393258,0,3,3,0,Retail,Premium,Jaipur,39,Male,High
CUST00273,97,33368.43,344.0044329896907,46.65,7.319793814432989,0,2,2,0,Retail,Premium,Kolkata,30,Male,High
CUST00274,80,184027.95,2300.3493750000002,61.79,5.761875,1,1,2,0,Retail,Savings,Chennai,18,Male,Critical
CUST00275,103,797174.29,7739.556213592234,52.93,8.341941747572816,0,4,4,0,Premium,Checking,Kolkata,25,Male,High
CUST00276,88,61695.1,701.0806818181818,47.36,7.103522727272727,0,3,3,0,Retail,Savings,Kolkata,18,Male,High
CUST00277,93,246219.34,2647.5197849462365,24.08,4.985161290322581,0,0,0,0,Retail,Premium,Jaipur,31,Female,Medium
CUST00278,86,1494574.91,17378.778023255814,50.79,8.478953488372094,0,2,2,0,Business,Premium,Mumbai,39,Male,High
CUST00279,75,338520.47,4513.606266666667,56.65,8.448533333333334,0,5,5,0,Retail,Savings,Jaipur,52,Female,High
CUST00280,37,274076.89,7407.483513513514,63.23,9.617027027027026,1,0,1,0,Premium,Savings,Mumbai,50,Female,Critical
CUST00281,51,129423.02,2537.706274509804,43.31,8.22078431372549,0,2,2,0,Retail,Savings,Ahmedabad,48,Female,High
CUST00282,36,76638.2,2128.838888888889,33.97,7.3325000000000005,0,0,0,0,Retail,Premium,Bengaluru,57,Female,Medium
CUST00283,51,806659.73,15816.857450980391,57.92,11.136274509803922,0,2,2,0,Business,Savings,Bengaluru,23,Male,High
CUST00284,59,259783.06,4403.102711864407,49.74,9.180677966101694,0,4,4,0,Premium,Savings,Mumbai,62,Female,High
CUST00285,89,1367574.52,15366.00584269663,60.6,9.162584269662922,1,2,3,0,Business,Checking,Jaipur,48,Male,Critical
CUST00286,64,241564.64,3774.4475,56.81,7.60515625,0,3,3,0,Retail,Savings,Delhi,35,Male,High
CUST00287,41,231637.21,5649.688048780487,84.61,19.112926829268293,6,1,7,6,Retail,Savings,Hyderabad,35,Female,Critical
CUST00288,48,141986.5,2958.0520833333335,41.27,6.514791666666667,0,1,1,0,Retail,Savings,Delhi,40,Male,High
CUST00289,57,95607.76,1677.3291228070175,60.15,9.838245614035086,1,2,3,0,Retail,Savings,Pune,28,Male,Critical
CUST00290,95,305935.27999999997,3220.3713684210525,48.5,6.8007368421052625,0,3,3,0,Retail,Checking,Ahmedabad,44,Female,High
CUST00291,93,1682901.13,18095.711075268817,42.04,8.94989247311828,0,2,2,0,Business,Savings,Kolkata,31,Male,High
CUST00292,89,453418.09,5094.585280898877,53.39,7.248202247191012,0,4,4,0,Retail,Savings,Chennai,51,Male,High
CUST00293,89,444661.6,4996.197752808988,50.58,6.877752808988764,0,4,4,0,Retail,Savings,Lucknow,45,Female,High
CUST00294,79,1208198.04,15293.646075949368,54.45,10.573164556962025,0,2,2,0,Business,Savings,Mumbai,44,Female,High
CUST00295,63,203076.68,3223.439365079365,45.33,9.772539682539684,0,2,2,0,Retail,Premium,Jaipur,20,Female,High
CUST00296,44,198121.28,4502.756363636364,39.94,7.480227272727273,0,0,0,0,Retail,Savings,Delhi,45,Male,Medium
CUST00297,51,265340.04,5202.7458823529405,55.68,7.422549019607843,0,2,2,0,Retail,Savings,Kolkata,41,Male,High
CUST00298,104,142162.91,1366.9510576923078,43.93,7.221346153846154,0,4,4,0,Retail,Premium,Jaipur,45,Female,High
CUST00299,72,616721.29,8565.573472222222,69.23,7.881388888888889,1,2,3,0,Premium,Savings,Delhi,72,Female,Critical
CUST00300,96,1922503.73,20026.080520833333,47.23,9.689791666666666,0,2,2,0,Business,Savings,Ahmedabad,24,Female,High
CUST00301,66,170630.78,2585.3148484848484,56.37,7.899545454545454,0,3,3,0,Retail,Premium,Delhi,49,Male,High
CUST00302,78,94656.64,1213.5466666666666,52.44,6.499871794871795,0,2,2,0,Retail,Savings,Bengaluru,34,Male,High
CUST00303,80,107128.98,1339.11225,48.02,7.537375,0,4,4,0,Retail,Savings,Chennai,27,Other,High
CUST00304,111,396407.66,3571.24018018018,49.68,6.223333333333333,0,2,2,0,Retail,Savings,Lucknow,36,Female,High
CUST00305,55,477251.83,8677.306,51.31,8.971636363636364,0,4,4,0,Premium,Checking,Jaipur,47,Male,High
CUST00306,72,295711.11,4107.09875,53.15,8.50236111111111,0,3,3,0,Retail,Checking,Lucknow,41,Female,High
CUST00307,87,318363.87,3659.3548275862067,47.9,5.851149425287357,0,2,2,0,Retail,Savings,Kolkata,25,Male,High
CUST00308,72,215355.1,2991.043055555556,44.76,6.519166666666667,0,1,1,0,Retail,Premium,Bengaluru,43,Male,High
CUST00309,73,235965.02,3232.397534246575,47.74,7.24904109589041,0,2,2,0,Retail,Savings,Chennai,38,Male,High
CUST00310,58,616353.46,10626.783793103448,47.08,8.359827586206897,0,2,2,0,Premium,Savings,Pune,43,Female,High
CUST00311,137,440405.57,3214.639197080292,52.6,7.462700729927008,0,5,5,0,Retail,Savings,Jaipur,33,Male,High
CUST00312,45,81603.21,1813.4046666666668,49.42,8.603555555555555,0,2,2,0,Retail,Checking,Lucknow,70,Female,High
CUST00313,45,77321.35,1718.2522222222224,40.97,8.737777777777778,0,2,2,0,Retail,Checking,Mumbai,39,Female,High
CUST00314,59,137680.58,2333.5691525423726,48.35,7.038135593220339,0,2,2,0,Retail,Checking,Delhi,41,Male,High
CUST00315,121,1051454.13,8689.703553719008,55.58,7.1341322314049584,0,4,4,0,Premium,Savings,Lucknow,44,Male,High
CUST00316,71,109681.26,1544.8064788732393,58.61,7.87605633802817,0,4,4,0,Retail,Savings,Lucknow,29,Male,High
CUST00317,56,189773.77,3388.817321428571,44.72,6.606071428571428,0,2,2,0,Retail,Savings,Jaipur,38,Male,High
CUST00318,62,1195949.03,19289.50048387097,59.87,11.821451612903225,0,5,5,0,Business,Checking,Kolkata,18,Male,High
CUST00319,69,90425.97,1310.5213043478261,47.4,7.0202898550724635,0,2,2,0,Retail,Savings,Chennai,44,Male,High
CUST00320,49,82465.6,1682.9714285714288,42.27,6.827959183673469,0,1,1,0,Retail,Savings,Delhi,35,Female,High
CUST00321,82,1249549.55,15238.409146341464,44.23,10.024878048780486,0,2,2,0,Business,Savings,Chennai,45,Male,High
CUST00322,58,991316.71,17091.667413793104,51.35,12.171724137931035,0,4,4,0,Business,Savings,Hyderabad,47,Male,High
CUST00323,52,417566.29,8030.120961538461,38.61,6.637692307692307,0,0,0,0,Premium,Premium,Ahmedabad,36,Female,Medium
CUST00324,156,592878.54,3800.5034615384616,85.57,8.990961538461537,1,7,8,7,Retail,Checking,Jaipur,24,Female,Critical
CUST00325,35,55899.71,1597.1345714285715,52.93,9.069142857142857,0,2,2,0,Retail,Checking,Hyderabad,25,Female,High
CUST00326,22,39632.97,1801.4986363636365,48.66,11.473181818181818,0,1,1,0,Retail,Premium,Ahmedabad,27,Male,High
CUST00327,109,813497.48,7463.279633027522,45.3,6.570550458715596,0,1,1,0,Premium,Savings,Bengaluru,30,Female,High
CUST00328,82,110253.84,1344.5590243902438,67.73,6.630365853658537,1,1,2,1,Retail,Savings,Ahmedabad,46,Male,Critical
CUST00329,66,1172799.25,17769.685606060608,66.98,11.227575757575757,1,3,4,0,Business,Savings,Pune,44,Male,Critical
CUST00330,95,593732.03,6249.810842105264,42.84,5.817368421052631,0,2,2,0,Premium,Savings,Bengaluru,45,Male,High
CUST00331,145,183888.35,1268.1955172413793,49.11,7.757517241379309,0,4,4,0,Retail,Premium,Hyderabad,48,Female,High
CUST00332,73,211005.32,2890.4838356164382,64.04,8.947534246575344,1,2,3,0,Retail,Checking,Hyderabad,52,Female,Critical
CUST00333,112,434018.9,3875.1687500000003,53.2,7.834464285714286,0,6,6,0,Retail,Savings,Jaipur,65,Female,High
CUST00334,63,133293.46,2115.7692063492063,41.5,6.37031746031746,0,3,3,0,Retail,Premium,Bengaluru,51,Male,High
CUST00335,59,198659.77,3367.1147457627117,50.06,6.480847457627119,0,3,3,0,Retail,Savings,Mumbai,27,Male,High
CUST00336,121,406167.92,3356.7596694214876,51.57,6.336280991735537,0,2,2,0,Retail,Checking,Pune,53,Female,High
CUST00337,58,361980.83,6241.048793103449,40.88,7.133620689655173,0,1,1,0,Retail,Savings,Kolkata,42,Male,High
CUST00338,6,26866.79,4477.798333333333,56.47,22.576666666666668,0,1,1,0,Retail,Savings,Chennai,51,Female,High
CUST00339,72,587885.23,8165.072638888889,48.14,6.706250000000001,0,4,4,0,Premium,Savings,Delhi,49,Male,High
CUST00340,152,622961.65,4098.431907894737,48.23,7.301184210526316,0,5,5,0,Retail,Checking,Ahmedabad,71,Female,High
CUST00341,42,95464.27,2272.9588095238096,40.6,8.210714285714285,0,1,1,0,Retail,Premium,Chennai,35,Male,High
CUST00342,33,261352.43,7919.770606060606,54.2,8.756969696969698,0,1,1,0,Premium,Checking,Pune,45,Male,High
CUST00343,36,198027.66,5500.768333333333,53.76,9.551944444444445,0,1,1,0,Retail,Premium,Pune,41,Male,High
CUST00344,47,96366.32,2050.3472340425533,27.4,7.957021276595745,0,0,0,0,Retail,Savings,Pune,68,Female,Medium
CUST00345,10,80984.23,8098.423,31.17,12.799000000000001,0,0,0,0,Premium,Savings,Delhi,35,Male,Medium
CUST00346,21,188136.75,8958.892857142857,32.31,8.58047619047619,0,0,0,0,Premium,Checking,Kolkata,38,Male,Medium
CUST00347,74,385567.69,5210.37418918919,69.93,8.009054054054053,1,3,4,1,Retail,Checking,Kolkata,30,Other,Critical
CUST00348,56,77211.6,1378.7785714285715,57.2,8.562857142857142,0,4,4,0,Retail,Savings,Delhi,18,Male,High
CUST00349,48,145012.37,3021.0910416666666,43.3,9.168333333333333,0,1,1,0,Retail,Checking,Pune,45,Female,High
CUST00350,9,35442.82,3938.091111111111,60.54,14.592222222222224,1,0,1,0,Retail,Savings,Pune,27,Female,Critical
CUST00351,133,559045.02,4203.346015037594,41.9,7.4663157894736845,0,5,5,0,Retail,Checking,Mumbai,56,Female,High
CUST00352,128,935714.15,7310.266796875,77.78,7.8705468750000005,1,3,4,0,Premium,Checking,Chennai,45,Male,Critical
CUST00353,142,433190.29,3050.6358450704224,47.93,7.336197183098592,0,3,3,0,Retail,Premium,Delhi,51,Male,High
CUST00354,44,66262.21,1505.9593181818184,40.85,9.491363636363637,0,1,1,0,Retail,Checking,Chennai,25,Male,High
CUST00355,104,538797.43,5180.74451923077,61.43,8.326538461538462,1,5,6,0,Premium,Savings,Mumbai,36,Female,Critical
CUST00356,56,243233.23,4343.450535714286,42.25,7.235714285714286,0,1,1,0,Retail,Premium,Hyderabad,33,Male,High
CUST00357,44,181141.32,4116.848181818182,33.99,8.764318181818181,0,0,0,0,Retail,Checking,Lucknow,28,Male,Medium
CUST00358,42,241453.53,5748.893571428572,56.87,8.623333333333333,0,1,1,0,Premium,Savings,Mumbai,22,Male,High
CUST00359,61,155161.86000000002,2543.637049180328,47.22,8.474590163934426,0,4,4,0,Retail,Checking,Delhi,53,Female,High
CUST00360,87,305269.69,3508.847011494253,45.65,6.708620689655172,0,3,3,0,Retail,Checking,Lucknow,27,Male,High
CUST00361,59,409117.94,6934.202372881356,83.42,8.34135593220339,2,1,3,2,Premium,Savings,Lucknow,27,Female,Critical
CUST00362,107,321378.58,3003.5381308411215,52.72,8.70233644859813,0,6,6,0,Retail,Savings,Hyderabad,54,Male,High
CUST00363,11,32533.57,2957.597272727273,38.32,12.38,0,0,0,0,Retail,Savings,Chennai,28,Male,Medium
CUST00364,114,510644.82,4479.340526315789,58.26,6.07780701754386,0,3,3,0,Retail,Savings,Kolkata,44,Female,High
CUST00365,144,313630.06,2177.9865277777776,43.5,7.129791666666667,0,2,2,0,Retail,Savings,Ahmedabad,42,Female,High
CUST00366,96,456132.84,4751.38375,50.48,6.848958333333333,0,3,3,0,Retail,Checking,Lucknow,39,Female,High
CUST00367,13,39480.29,3036.9453846153847,52.12,19.443076923076923,0,3,3,0,Retail,Premium,Kolkata,59,Male,High
CUST00368,127,283924.35,2235.624803149606,51.69,7.020551181102363,0,4,4,0,Retail,Savings,Delhi,37,Male,High
CUST00369,38,62345.8,1640.6789473684212,25.92,6.911052631578947,0,0,0,0,Retail,Savings,Ahmedabad,39,Male,Medium
CUST00370,108,2085358.15,19308.87175925926,55.1,10.077407407407406,0,4,4,0,Business,Savings,Hyderabad,45,Female,High
CUST00371,28,98301.53,3510.7689285714287,43.9,8.007142857142858,0,1,1,0,Retail,Savings,Mumbai,34,Female,High
CUST00372,89,383847.99,4312.898764044944,40.31,6.533146067415731,0,1,1,0,Premium,Savings,Jaipur,18,Female,High
CUST00373,117,1039927.14,8888.266153846154,67.72,7.509401709401709,1,3,4,0,Premium,Premium,Jaipur,42,Female,Critical
CUST00374,116,756851.09,6524.578362068965,49.65,7.461120689655172,0,5,5,0,Retail,Savings,Hyderabad,43,Female,High
CUST00375,109,168164.89,1542.7971559633029,45.09,7.215045871559633,0,1,1,0,Retail,Savings,Jaipur,37,Female,High
CUST00376,112,821321.4299999999,7333.227053571428,49.51,8.109553571428572,0,3,3,0,Premium,Checking,Delhi,49,Female,High
CUST00377,86,576539.83,6703.951511627906,49.75,8.875116279069767,0,5,5,0,Retail,Checking,Ahmedabad,41,Female,High
CUST00378,114,1712949.11,15025.869385964914,85.04,10.291929824561404,1,6,7,2,Business,Savings,Ahmedabad,28,Male,Critical
CUST00379,42,72591.5,1728.3690476190477,46.1,5.900952380952381,0,1,1,0,Retail,Savings,Jaipur,36,Female,High
CUST00380,49,105853.78,2160.281224489796,45.81,7.964489795918367,0,2,2,0,Retail,Checking,Mumbai,22,Male,High
CUST00381,58,341915.37,5895.092586206896,44.93,7.897931034482759,0,4,4,0,Retail,Checking,Pune,37,Female,High
CUST00382,115,542657.0,4718.75652173913,41.46,7.678,0,2,2,0,Retail,Savings,Jaipur,40,Female,High
CUST00383,95,1792640.32,18869.898105263157,48.74,11.551052631578946,0,4,4,0,Business,Savings,Bengaluru,39,Female,High
CUST00384,59,206863.82,3506.1664406779664,84.46,13.769661016949152,6,2,8,7,Retail,Savings,Delhi,52,Female,Critical
CUST00385,119,342142.79,2875.149495798319,49.25,6.330588235294118,0,4,4,0,Retail,Savings,Chennai,26,Male,High
CUST00386,122,372810.14,3055.820819672131,60.8,6.859999999999999,1,4,5,0,Retail,Savings,Kolkata,66,Male,Critical
CUST00387,87,242464.08,2786.943448275862,45.43,7.138275862068965,0,2,2,0,Retail,Checking,Pune,30,Male,High
CUST00388,65,459299.68,7066.148923076923,50.46,6.931538461538461,0,2,2,0,Premium,Checking,Hyderabad,33,Female,High
CUST00389,105,241008.86,2295.322476190476,42.11,6.555904761904762,0,1,1,0,Retail,Savings,Mumbai,30,Male,High
CUST00390,122,488908.21,4007.444344262295,45.2,7.00155737704918,0,5,5,0,Retail,Savings,Pune,56,Female,High
CUST00391,63,28455.760000000002,451.6787301587302,43.01,9.234603174603174,0,2,2,0,Retail,Savings,Chennai,29,Male,High
CUST00392,118,262380.52,2223.5637288135595,48.71,7.544406779661017,0,5,5,0,Retail,Premium,Ahmedabad,22,Female,High
CUST00393,35,135350.37,3867.1534285714283,40.19,7.660571428571429,0,1,1,0,Retail,Premium,Kolkata,39,Male,High
CUST00394,98,24718.89,252.23357142857142,52.33,8.52357142857143,0,3,3,0,Retail,Checking,Lucknow,40,Female,High
CUST00395,85,516290.98,6074.011529411764,44.31,6.711647058823529,0,4,4,0,Premium,Savings,Jaipur,46,Male,High
CUST00396,24,134878.57,5619.940416666667,81.19,25.890833333333333,5,1,6,6,Retail,Checking,Delhi,50,Female,Critical
CUST00397,23,419452.45,18237.06304347826,43.38,12.907826086956522,0,1,1,0,Business,Savings,Kolkata,33,Female,High
CUST00398,35,95243.93000000001,2721.2551428571433,40.81,9.217428571428572,0,1,1,0,Retail,Checking,Lucknow,58,Female,High
CUST00399,25,39779.68,1591.1872,96.83,34.4196,6,4,10,10,Retail,Checking,Lucknow,54,Male,Critical
CUST00400,91,398885.15,4383.353296703297,49.25,6.986813186813186,0,4,4,0,Retail,Savings,Ahmedabad,50,Male,High
CUST00401,91,355240.13,3903.737692307692,56.75,7.596373626373627,0,3,3,0,Retail,Savings,Pune,39,Female,High
CUST00402,43,763336.37,17752.008604651164,57.19,14.46627906976744,0,4,4,0,Business,Checking,Mumbai,29,Female,High
CUST00403,107,461293.86,4311.157570093458,52.2,7.782616822429906,0,5,5,0,Retail,Savings,Ahmedabad,59,Female,High
CUST00404,87,192868.12,2216.8749425287356,41.24,5.630459770114943,0,1,1,0,Retail,Savings,Kolkata,32,Male,High
CUST00405,72,286569.55,3980.132638888889,44.68,7.599722222222222,0,1,1,0,Retail,Savings,Bengaluru,30,Male,High
CUST00406,47,352718.98,7504.65914893617,44.67,7.312765957446809,0,2,2,0,Premium,Savings,Chennai,31,Female,High
CUST00407,57,271966.43,4771.340877192983,46.81,6.571052631578947,0,1,1,0,Retail,Savings,Hyderabad,46,Male,High
CUST00408,106,292275.93,2757.3200943396228,48.67,4.624811320754717,0,2,2,0,Retail,Premium,Delhi,48,Male,High
CUST00409,67,161214.0,2406.179104477612,62.14,7.8414925373134325,1,2,3,0,Retail,Savings,Mumbai,21,Male,Critical
CUST00410,26,119092.26,4580.471538461538,47.38,11.081538461538461,0,2,2,0,Retail,Savings,Delhi,20,Male,High
CUST00411,145,774767.71,5343.225586206896,41.89,6.9189655172413795,0,3,3,0,Retail,Savings,Lucknow,25,Female,High
CUST00412,93,1520614.95,16350.698387096774,63.06,9.86494623655914,1,2,3,0,Business,Savings,Lucknow,27,Male,Critical
CUST00413,105,1745786.91,16626.541999999998,71.45,9.882190476190477,1,2,3,0,Business,Savings,Lucknow,40,Male,Critical
CUST00414,113,248601.47,2200.0130088495575,47.3,5.933628318584071,0,3,3,0,Retail,Savings,Lucknow,30,Male,High
CUST00415,137,817250.92,5965.335182481752,57.25,7.504306569343065,0,4,4,0,Premium,Savings,Delhi,55,Male,High
CUST00416,53,186869.25,3525.8349056603774,57.53,8.680377358490565,0,2,2,0,Retail,Checking,Delhi,33,Male,High
CUST00417,93,296966.01,3193.1829032258065,48.5,6.9158064516129025,0,1,1,0,Retail,Checking,Kolkata,22,Male,High
CUST00418,28,7141.21,255.0432142857143,55.37,11.06,0,2,2,0,Retail,Savings,Chennai,25,Female,High
CUST00419,108,460827.93,4266.925277777777,40.77,8.851759259259259,0,3,3,0,Retail,Savings,Delhi,42,Female,High
CUST00420,42,86021.62,2048.1338095238093,62.49,8.302619047619046,1,0,1,0,Retail,Premium,Delhi,44,Male,Critical
CUST00421,73,1527331.0,20922.342465753423,59.55,12.87041095890411,0,4,4,0,Business,Savings,Mumbai,30,Female,High
CUST00422,55,114532.94,2082.417090909091,49.11,7.348363636363636,0,3,3,0,Retail,Savings,Chennai,31,Male,High
CUST00423,147,968597.14,6589.096190476191,47.54,7.0849659863945575,0,4,4,0,Premium,Checking,Lucknow,38,Female,High
CUST00424,43,294707.27999999997,6853.657674418604,72.02,9.096976744186048,1,1,2,1,Retail,Checking,Kolkata,42,Male,Critical
CUST00425,105,208264.28,1983.4693333333332,40.5,6.5100952380952375,0,2,2,0,Retail,Checking,Pune,40,Female,High
CUST00426,117,545108.28,4659.045128205128,39.82,6.658290598290598,0,0,0,0,Retail,Savings,Pune,21,Female,Medium
CUST00427,53,356983.76,6735.542641509434,52.15,8.004528301886793,0,2,2,0,Premium,Savings,Pune,18,Male,High
CUST00428,133,464442.71,3492.0504511278195,61.47,7.853007518796993,1,3,4,0,Retail,Premium,Mumbai,38,Male,Critical
CUST00429,12,28092.85,2341.070833333333,32.51,14.703333333333333,0,0,0,0,Retail,Savings,Ahmedabad,52,Male,Medium
CUST00430,46,267711.24,5819.8095652173915,57.02,7.990434782608696,0,3,3,0,Retail,Savings,Pune,44,Male,High
CUST00431,39,203043.96,5206.255384615384,33.73,8.939743589743589,0,0,0,0,Retail,Savings,Ahmedabad,29,Female,Medium
CUST00432,81,191186.13999999998,2360.3227160493825,62.78,6.274567901234568,1,0,1,0,Retail,Savings,Mumbai,50,Male,Critical
CUST00433,140,324356.31,2316.830785714286,48.92,6.8831428571428575,0,3,3,0,Retail,Checking,Ahmedabad,21,Female,High
CUST00434,73,468392.49,6416.335479452055,73.32,7.905068493150684,1,1,2,0,Premium,Checking,Mumbai,35,Male,Critical
CUST00435,157,449145.81,2860.8013375796177,76.98,7.394968152866242,1,4,5,0,Retail,Savings,Bengaluru,54,Male,Critical
CUST00436,109,754233.96,6919.5776146788985,46.1,7.587706422018348,0,2,2,0,Premium,Savings,Hyderabad,23,Female,High
CUST00437,99,1612127.12,16284.112323232324,58.95,11.396767676767677,0,6,6,0,Business,Savings,Ahmedabad,19,Male,High
CUST00438,94,301948.54,3212.2185106382976,40.21,7.123617021276596,0,1,1,0,Retail,Checking,Bengaluru,66,Male,High
CUST00439,7,109618.95000000001,15659.850000000002,59.51,19.071428571428573,0,1,1,0,Business,Premium,Hyderabad,50,Female,High
CUST00440,126,331838.5,2633.6388888888887,50.66,5.9603174603174605,0,3,3,0,Retail,Savings,Hyderabad,42,Male,High
CUST00441,86,94063.25,1093.7587209302326,38.93,7.044418604651163,0,0,0,0,Retail,Checking,Lucknow,41,Male,Medium
CUST00442,125,353803.52,2830.42816,51.42,5.49688,0,2,2,0,Retail,Checking,Lucknow,39,Female,High
CUST00443,90,340199.73,3779.997,43.82,6.271666666666667,0,2,2,0,Retail,Savings,Delhi,32,Male,High
CUST00444,61,155799.47,2554.0896721311474,49.26,7.276393442622951,0,1,1,0,Retail,Savings,Hyderabad,49,Female,High
CUST00445,88,416349.08,4731.239545454546,57.48,5.420909090909091,0,3,3,0,Retail,Savings,Hyderabad,32,Female,High
CUST00446,152,558760.69,3676.057171052631,51.42,7.317171052631579,0,6,6,0,Retail,Savings,Mumbai,34,Male,High
CUST00447,35,236293.94,6751.255428571429,26.79,5.635428571428572,0,0,0,0,Premium,Checking,Jaipur,40,Male,Medium
CUST00448,79,109777.37,1389.5869620253163,54.02,8.741772151898735,0,4,4,0,Retail,Savings,Pune,22,Male,High
CUST00449,92,1783868.44,19389.874347826088,41.62,9.961086956521738,0,3,3,0,Business,Premium,Lucknow,46,Female,High
CUST00450,116,148518.24,1280.3296551724138,41.54,7.580603448275863,0,4,4,0,Retail,Savings,Kolkata,49,Female,High
CUST00451,120,527803.13,4398.359416666667,44.64,5.808666666666666,0,2,2,0,Retail,Savings,Ahmedabad,45,Male,High
CUST00452,91,168291.97,1849.3623076923077,55.26,6.977252747252747,0,3,3,0,Retail,Savings,Pune,47,Male,High
CUST00453,88,181513.18,2062.6497727272726,46.94,7.05375,0,4,4,0,Retail,Savings,Ahmedabad,47,Female,High
CUST00454,97,336327.05,3467.289175257732,56.55,5.720206185567011,0,3,3,0,Retail,Checking,Kolkata,42,Female,High
CUST00455,59,1182896.27,20049.0893220339,64.08,13.418135593220338,1,2,3,0,Business,Checking,Ahmedabad,42,Male,Critical
CUST00456,99,419241.43,4234.761919191919,46.45,8.092828282828284,0,1,1,0,Retail,Savings,Mumbai,31,Female,High
CUST00457,71,199924.22,2815.8340845070425,64.26,6.254084507042254,1,2,3,1,Retail,Savings,Delhi,74,Female,Critical
CUST00458,91,151445.35,1664.2346153846154,41.24,5.775384615384616,0,1,1,0,Retail,Checking,Ahmedabad,59,Female,High
CUST00459,53,51268.46,967.3294339622641,41.74,6.581132075471698,0,1,1,0,Retail,Savings,Hyderabad,28,Male,High
CUST00460,37,138577.12,3745.3275675675673,51.78,9.34,0,2,2,0,Retail,Savings,Lucknow,44,Female,High
CUST00461,62,271400.62,4377.4293548387095,51.31,6.354032258064516,0,1,1,0,Retail,Savings,Bengaluru,23,Male,High
CUST00462,48,168223.03,3504.646458333333,49.45,7.9660416666666665,0,1,1,0,Retail,Savings,Lucknow,48,Male,High
CUST00463,60,89175.11,1486.2518333333333,38.82,6.828333333333333,0,0,0,0,Retail,Savings,Chennai,44,Male,Medium
CUST00464,63,76064.13,1207.3671428571429,52.41,6.5652380952380955,0,3,3,0,Retail,Checking,Chennai,20,Female,High
CUST00465,115,231057.28,2009.1937391304348,68.06,6.566956521739131,1,4,5,0,Retail,Checking,Pune,35,Female,Critical
CUST00466,108,409472.93,3791.4160185185183,56.37,7.943333333333333,0,5,5,0,Retail,Savings,Chennai,43,Male,High
CUST00467,92,413911.1,4499.033695652173,40.25,6.350652173913043,0,1,1,0,Retail,Savings,Kolkata,37,Female,High
CUST00468,15,63615.700000000004,4241.046666666667,49.43,15.930000000000001,0,2,2,0,Retail,Premium,Pune,64,Male,High
CUST00469,21,91921.9,4377.233333333333,51.46,13.960476190476191,0,1,1,0,Retail,Savings,Mumbai,30,Male,High
CUST00470,97,1821025.46,18773.458350515462,57.13,10.118144329896907,0,2,2,0,Business,Premium,Pune,25,Male,High
CUST00471,82,302992.36,3695.028780487805,40.41,5.756341463414634,0,1,1,0,Retail,Savings,Mumbai,24,Male,High
CUST00472,112,374235.22000000003,3341.385892857143,43.19,6.1781250000000005,0,3,3,0,Retail,Checking,Ahmedabad,27,Female,High
CUST00473,121,244353.81,2019.4529752066117,60.22,7.413305785123967,1,2,3,0,Retail,Savings,Bengaluru,49,Male,Critical
CUST00474,55,238848.92,4342.707636363637,40.33,5.781272727272727,0,2,2,0,Retail,Savings,Pune,39,Male,High
CUST00475,70,351838.2,5026.26,47.1,8.319857142857142,0,5,5,0,Retail,Checking,Delhi,37,Male,High
CUST00476,42,8895.22,211.79095238095238,43.63,8.613809523809525,0,1,1,0,Retail,Savings,Mumbai,18,Female,High
CUST00477,100,211188.51,2111.8851,49.96,7.4638,0,4,4,0,Retail,Savings,Hyderabad,47,Female,High
CUST00478,69,267351.01,3874.65231884058,41.79,8.645797101449274,0,3,3,0,Retail,Checking,Chennai,33,Female,High
CUST00479,73,172553.46,2363.74602739726,39.91,6.439041095890411,0,0,0,0,Retail,Savings,Mumbai,45,Female,Medium
CUST00480,85,334045.7,3929.949411764706,44.21,8.469294117647058,0,4,4,0,Retail,Premium,Hyderabad,49,Male,High
CUST00481,89,1767598.15,19860.653370786516,70.46,10.861797752808988,2,3,5,0,Business,Savings,Kolkata,32,Female,Critical
CUST00482,22,169547.98,7706.726363636364,56.06,11.299090909090909,0,1,1,0,Premium,Premium,Lucknow,36,Female,High
CUST00483,83,651016.4,7843.57108433735,49.6,7.883734939759036,0,4,4,0,Premium,Savings,Kolkata,47,Female,High
CUST00484,71,154728.78,2179.278591549296,52.64,8.500985915492958,0,3,3,0,Retail,Savings,Pune,38,Female,High
CUST00485,99,233590.65,2359.501515151515,40.76,6.149292929292929,0,1,1,0,Retail,Checking,Mumbai,43,Female,High
CUST00486,108,339455.75,3143.108796296296,45.37,7.524074074074075,0,3,3,0,Retail,Savings,Jaipur,20,Male,High
CUST00487,15,97031.36,6468.757333333333,64.04,12.822000000000001,1,0,1,0,Premium,Checking,Jaipur,43,Male,Critical
CUST00488,11,23643.43,2149.402727272727,37.94,14.659090909090908,0,0,0,0,Retail,Savings,Mumbai,31,Male,Medium
CUST00489,77,195871.69,2543.788181818182,46.75,8.037142857142857,0,4,4,0,Retail,Premium,Delhi,43,Female,High
CUST00490,42,128381.23,3056.6959523809523,58.17,10.44547619047619,0,2,2,0,Retail,Checking,Chennai,19,Other,High
CUST00491,137,2776573.19,20266.957591240876,73.82,10.73956204379562,1,4,5,1,Business,Savings,Ahmedabad,26,Female,Critical
CUST00492,49,242636.37,4951.762653061224,49.5,6.781428571428572,0,1,1,0,Premium,Checking,Mumbai,43,Male,High
CUST00493,46,166748.29,3624.9628260869567,44.8,9.409782608695652,0,3,3,0,Retail,Checking,Lucknow,28,Male,High
CUST00494,99,1749928.0,17676.040404040403,54.56,10.196868686868687,0,2,2,0,Business,Checking,Jaipur,32,Female,High
CUST00495,104,945245.47,9088.89875,47.35,7.638173076923077,0,4,4,0,Premium,Checking,Pune,46,Female,High
CUST00496,49,289616.08,5910.53224489796,40.29,7.8330612244897955,0,1,1,0,Premium,Checking,Pune,37,Female,High
CUST00497,87,899651.01,10340.816206896552,46.07,8.02264367816092,0,4,4,0,Premium,Savings,Ahmedabad,39,Female,High
CUST00498,85,320380.84,3769.1863529411767,52.52,7.554117647058824,0,6,6,0,Retail,Checking,Ahmedabad,26,Female,High
CUST00499,35,631089.02,18031.114857142857,67.14,12.342857142857143,1,0,1,0,Business,Premium,Ahmedabad,18,Male,Critical
CUST00500,78,498369.38,6389.351025641025,71.49,7.804230769230769,1,0,1,0,Retail,Premium,Pune,39,Female,Critical
CUST00501,49,188076.91,3838.304285714286,54.57,10.204489795918366,0,2,2,0,Retail,Checking,Hyderabad,51,Male,High
CUST00502,50,255632.46,5112.6492,49.82,7.994800000000001,0,3,3,0,Retail,Checking,Hyderabad,46,Male,High
CUST00503,28,22699.62,810.7007142857143,31.28,8.9425,0,0,0,0,Retail,Premium,Chennai,35,Male,Medium
CUST00504,114,612121.44,5369.486315789473,49.15,6.43061403508772,0,4,4,0,Retail,Premium,Hyderabad,62,Male,High
CUST00505,14,99291.65,7092.260714285714,38.89,12.058571428571428,0,0,0,0,Premium,Savings,Pune,51,Female,Medium
CUST00506,113,2393991.91,21185.769115044248,61.12,11.709469026548673,1,3,4,0,Business,Savings,Ahmedabad,38,Female,Critical
CUST00507,27,100125.51,3708.352222222222,59.64,12.764444444444443,0,2,2,0,Retail,Checking,Hyderabad,46,Male,High
CUST00508,110,954767.68,8679.706181818183,49.05,7.137636363636363,0,4,4,0,Premium,Savings,Chennai,40,Female,High
CUST00509,82,459995.47,5609.700853658536,67.51,6.949634146341463,1,2,3,0,Premium,Premium,Ahmedabad,35,Male,Critical
CUST00510,26,192608.32,7408.012307692308,51.3,9.366153846153846,0,1,1,0,Premium,Savings,Ahmedabad,43,Male,High
CUST00511,60,199549.09,3325.8181666666665,43.51,6.892833333333333,0,1,1,0,Retail,Savings,Lucknow,42,Male,High
CUST00512,122,218854.53,1793.8895901639344,46.03,6.918688524590165,0,5,5,0,Retail,Savings,Lucknow,38,Female,High
CUST00513,127,770996.95,6070.842125984252,49.82,8.24283464566929,0,3,3,0,Premium,Checking,Chennai,19,Male,High
CUST00514,44,230507.91,5238.816136363636,49.42,10.870454545454546,0,5,5,0,Retail,Savings,Chennai,21,Female,High
CUST00515,111,224431.41,2021.9045945945945,76.62,7.602972972972973,1,3,4,0,Retail,Checking,Pune,36,Female,Critical
CUST00516,23,93307.48,4056.846956521739,33.56,10.303478260869564,0,0,0,0,Retail,Savings,Pune,44,Female,Medium
CUST00517,91,164227.85,1804.7016483516484,43.79,7.43010989010989,0,2,2,0,Retail,Checking,Pune,35,Female,High
CUST00518,41,175279.07,4275.0992682926835,41.58,7.066341463414635,0,1,1,0,Retail,Premium,Chennai,35,Male,High
CUST00519,47,120574.68000000001,2565.4187234042556,45.23,9.259787234042554,0,3,3,0,Retail,Savings,Bengaluru,46,Male,High
CUST00520,121,479077.43,3959.3176033057853,44.56,5.46801652892562,0,3,3,0,Retail,Savings,Lucknow,40,Male,High
CUST00521,52,167668.86000000002,3224.401153846154,44.11,8.820961538461539,0,4,4,0,Retail,Checking,Chennai,41,Female,High
CUST00522,166,403823.52,2432.671807228916,48.12,7.965180722891566,0,7,7,0,Retail,Savings,Jaipur,54,Male,High
CUST00523,35,219006.35,6257.324285714286,35.09,7.077428571428571,0,0,0,0,Retail,Savings,Hyderabad,18,Female,Medium
CUST00524,69,290751.28,4213.786666666667,41.71,7.209275362318841,0,1,1,0,Retail,Savings,Chennai,47,Male,High
CUST00525,16,65046.9,4065.43125,54.92,16.260625,0,3,3,0,Retail,Savings,Bengaluru,31,Female,High
CUST00526,60,251239.91,4187.331833333334,75.04,9.511166666666666,2,3,5,1,Retail,Savings,Kolkata,29,Female,Critical
CUST00527,133,1937125.09,14564.850300751881,91.23,10.658195488721804,1,6,7,8,Business,Checking,Jaipur,37,Female,Critical
CUST00528,26,68019.78,2616.1453846153845,37.48,8.624230769230769,0,0,0,0,Retail,Checking,Jaipur,52,Male,Medium
CUST00529,81,1716130.73,21186.79913580247,42.77,9.816296296296297,0,2,2,0,Business,Savings,Jaipur,40,Female,High
CUST00530,79,430359.23,5447.585189873417,83.89,7.191518987341772,1,3,4,2,Retail,Savings,Lucknow,20,Female,Critical
CUST00531,65,243365.04,3744.0775384615386,50.94,7.98953846153846,0,4,4,0,Retail,Savings,Ahmedabad,48,Male,High
CUST00532,82,540593.48,6592.603414634146,41.05,6.901707317073171,0,3,3,0,Premium,Savings,Ahmedabad,38,Female,High
CUST00533,82,277792.96,3387.719024390244,49.6,7.767195121951219,0,5,5,0,Retail,Savings,Hyderabad,38,Female,High
CUST00534,118,198263.88,1680.202372881356,69.14,8.62864406779661,2,2,4,1,Retail,Savings,Delhi,18,Female,Critical
CUST00535,35,69046.9,1972.7685714285712,55.0,9.880571428571429,0,2,2,0,Retail,Checking,Pune,30,Female,High
CUST00536,70,272449.22000000003,3892.1317142857147,41.28,6.358142857142857,0,1,1,0,Retail,Checking,Jaipur,43,Female,High
CUST00537,38,724747.64,19072.306315789476,59.06,14.127368421052632,0,3,3,0,Business,Savings,Mumbai,53,Female,High
CUST00538,67,261647.33,3905.184029850746,70.64,6.856268656716418,1,1,2,0,Retail,Savings,Delhi,27,Male,Critical
CUST00539,79,330746.06,4186.658987341772,41.29,7.204050632911392,0,2,2,0,Retail,Checking,Pune,36,Male,High
CUST00540,81,277861.99,3430.394938271605,25.9,5.100493827160494,0,0,0,0,Retail,Savings,Bengaluru,27,Female,Medium
CUST00541,89,449211.99,5047.325730337078,57.45,6.822247191011235,0,3,3,0,Retail,Savings,Lucknow,49,Male,High
CUST00542,62,387678.71,6252.882419354839,41.98,8.056129032258065,0,2,2,0,Retail,Checking,Chennai,40,Female,High
CUST00543,20,127531.77,6376.5885,48.94,12.7955,0,2,2,0,Premium,Savings,Pune,32,Female,High
CUST00544,104,63338.88,609.0276923076923,53.84,7.734711538461538,0,3,3,0,Retail,Savings,Kolkata,45,Male,High
CUST00545,81,611483.85,7549.183333333333,40.47,7.199382716049382,0,1,1,0,Premium,Savings,Kolkata,34,Female,High
CUST00546,59,236889.72,4015.08,40.81,6.567627118644068,0,1,1,0,Premium,Checking,Kolkata,36,Male,High
CUST00547,90,361581.52,4017.5724444444445,48.56,7.047000000000001,0,2,2,0,Retail,Checking,Bengaluru,45,Male,High
CUST00548,115,402951.53,3503.9263478260873,61.28,6.661043478260869,1,1,2,0,Retail,Savings,Ahmedabad,32,Female,Critical
CUST00549,13,44956.39,3458.183846153846,38.79,11.853076923076923,0,0,0,0,Retail,Checking,Chennai,43,Male,Medium
CUST00550,140,2318307.54,16559.339571428573,56.6,10.259285714285713,0,6,6,0,Business,Savings,Delhi,59,Male,High
CUST00551,90,1423423.55,15815.817222222222,56.5,9.439333333333334,0,3,3,0,Business,Checking,Hyderabad,56,Other,High
CUST00552,74,137706.05,1860.8925675675673,43.18,8.119864864864866,0,3,3,0,Retail,Savings,Jaipur,48,Female,High
CUST00553,93,250848.35,2697.2940860215053,35.64,5.714731182795699,0,0,0,0,Retail,Savings,Lucknow,18,Male,Medium
CUST00554,43,100925.1,2347.0953488372093,25.89,7.467441860465117,0,0,0,0,Retail,Savings,Jaipur,31,Female,Medium
CUST00555,79,330049.74,4177.844810126582,51.8,6.006582278481012,0,2,2,0,Retail,Savings,Pune,56,Male,High
CUST00556,36,123970.93000000001,3443.6369444444445,43.85,8.503055555555555,0,1,1,0,Retail,Checking,Chennai,34,Female,High
CUST00557,107,397315.76,3713.231401869159,46.53,7.200747663551402,0,4,4,0,Retail,Checking,Chennai,35,Male,High
CUST00558,133,476110.08,3579.775037593985,45.49,5.403984962406015,0,4,4,0,Retail,Savings,Lucknow,35,Male,High
CUST00559,88,177385.99,2015.7498863636363,53.79,6.622954545454545,0,4,4,0,Retail,Savings,Chennai,36,Male,High
CUST00560,69,364383.95,5280.926811594203,44.29,6.676666666666667,0,2,2,0,Premium,Savings,Kolkata,33,Male,High
CUST00561,17,391665.87,23039.168823529413,61.44,20.793529411764705,1,1,2,0,Business,Checking,Hyderabad,23,Other,Critical
CUST00562,52,161358.2,3103.042307692308,44.8,7.943461538461539,0,2,2,0,Retail,Savings,Lucknow,57,Male,High
CUST00563,76,102030.81,1342.5106578947368,48.29,7.207631578947368,0,2,2,0,Retail,Savings,Chennai,22,Female,High
CUST00564,47,220828.37,4698.475957446808,46.17,9.259787234042554,0,2,2,0,Retail,Savings,Delhi,32,Male,High
CUST00565,28,32526.56,1161.662857142857,32.84,11.61,0,0,0,0,Retail,Savings,Hyderabad,33,Male,Medium
CUST00566,38,218301.34,5744.772105263158,54.33,9.506315789473684,0,2,2,0,Retail,Premium,Mumbai,45,Male,High
CUST00567,162,99587.28,614.7362962962962,49.76,8.535987654320987,0,7,7,0,Retail,Savings,Mumbai,45,Male,High
CUST00568,67,410337.51,6124.440447761194,49.49,7.968208955223881,0,3,3,0,Retail,Premium,Delhi,25,Male,High
CUST00569,88,306084.35,3478.23125,52.27,6.3109090909090915,0,3,3,0,Retail,Checking,Hyderabad,35,Female,High
CUST00570,101,395446.05,3915.307425742574,58.49,6.702673267326733,0,4,4,0,Retail,Savings,Mumbai,24,Female,High
CUST00571,111,413418.03,3724.486756756757,70.92,7.525675675675676,1,4,5,2,Retail,Premium,Bengaluru,28,Female,Critical
CUST00572,78,1344245.44,17233.915897435898,58.76,10.937820512820512,0,4,4,0,Business,Savings,Kolkata,52,Female,High
CUST00573,123,353456.2,2873.6276422764226,46.4,6.84829268292683,0,4,4,0,Retail,Checking,Delhi,40,Male,High
CUST00574,75,1301236.15,17349.815333333332,66.82,10.3,1,2,3,0,Business,Savings,Ahmedabad,37,Male,Critical
CUST00575,47,857125.1,18236.70425531915,57.02,11.80659574468085,0,4,4,0,Business,Checking,Chennai,18,Female,High
CUST00576,49,724466.22,14785.024897959183,51.06,9.84204081632653,0,1,1,0,Business,Savings,Jaipur,44,Female,High
CUST00577,116,360016.33,3103.5890517241382,43.69,7.054655172413794,0,5,5,0,Retail,Checking,Delhi,25,Female,High
CUST00578,75,284537.33,3793.831066666667,49.53,6.2194666666666665,0,3,3,0,Retail,Savings,Delhi,41,Male,High
CUST00579,99,132580.1,1339.1929292929294,89.49,12.50080808080808,4,7,11,11,Retail,Savings,Kolkata,21,Female,Critical
CUST00580,91,1534991.27,16868.035934065934,45.28,8.358791208791208,0,2,2,0,Business,Savings,Chennai,41,Male,High
CUST00581,103,784510.45,7616.606310679611,43.86,9.104271844660195,0,4,4,0,Premium,Savings,Delhi,35,Female,High
CUST00582,51,1003872.84,19683.781176470588,59.5,12.982941176470588,0,3,3,0,Business,Savings,Kolkata,55,Male,High
CUST00583,55,200918.69,3653.067090909091,41.63,7.825818181818182,0,2,2,0,Retail,Checking,Lucknow,41,Male,High
CUST00584,30,116944.63,3898.1543333333334,39.6,8.913333333333332,0,0,0,0,Retail,Checking,Jaipur,34,Female,Medium
CUST00585,65,1116289.76,17173.688615384617,49.85,11.763384615384615,0,3,3,0,Business,Checking,Chennai,26,Other,High
CUST00586,145,461586.08,3183.3522758620693,44.31,6.802206896551724,0,3,3,0,Retail,Checking,Delhi,45,Female,High
CUST00587,19,57481.659999999996,3025.3505263157895,37.77,10.159473684210527,0,0,0,0,Retail,Savings,Hyderabad,35,Female,Medium
CUST00588,100,317970.61,3179.7061,55.86,6.6975,0,4,4,0,Retail,Savings,Ahmedabad,36,Male,High
CUST00589,101,407064.74,4030.3439603960396,39.48,6.582178217821782,0,0,0,0,Retail,Savings,Mumbai,31,Female,Medium
CUST00590,90,180555.39,2006.171,46.18,5.7267777777777775,0,2,2,0,Retail,Savings,Mumbai,40,Male,High
CUST00591,74,185674.55,2509.11554054054,44.84,6.052432432432433,0,2,2,0,Retail,Savings,Jaipur,37,Female,High
CUST00592,60,139790.58,2329.843,58.01,6.866833333333333,0,3,3,0,Retail,Premium,Hyderabad,23,Female,High
CUST00593,71,308767.2,4348.833802816902,46.27,7.80338028169014,0,2,2,0,Retail,Premium,Kolkata,48,Female,High
CUST00594,54,376029.24,6963.504444444444,48.19,8.61888888888889,0,2,2,0,Premium,Savings,Hyderabad,32,Female,High
CUST00595,67,208513.47,3112.141343283582,45.27,7.7613432835820895,0,2,2,0,Retail,Checking,Mumbai,18,Male,High
CUST00596,14,50898.19,3635.585,70.57,32.13428571428572,4,2,6,5,Retail,Savings,Jaipur,28,Female,Critical
CUST00597,99,234579.05,2369.4853535353536,66.89,7.758080808080807,1,4,5,1,Retail,Savings,Ahmedabad,38,Female,Critical
CUST00598,41,88571.92,2160.290731707317,71.81,10.622195121951219,1,2,3,0,Retail,Checking,Chennai,51,Male,Critical
CUST00599,66,297764.63,4511.585303030303,45.04,7.5616666666666665,0,2,2,0,Retail,Savings,Lucknow,42,Male,High
CUST00600,46,126419.95,2748.259782608696,36.96,6.693260869565217,0,0,0,0,Retail,Checking,Jaipur,50,Male,Medium
CUST00601,183,503161.23,2749.5149180327867,40.52,6.477814207650273,0,1,1,0,Retail,Savings,Ahmedabad,40,Female,High
CUST00602,68,440798.09,6482.324852941177,52.41,7.428823529411765,0,4,4,0,Retail,Savings,Ahmedabad,55,Female,High
CUST00603,59,333705.26,5656.021355932204,46.51,7.0725423728813555,0,1,1,0,Premium,Savings,Mumbai,55,Female,High
CUST00604,98,112760.56,1150.6179591836735,46.25,7.388979591836735,0,4,4,0,Retail,Savings,Jaipur,50,Female,High
CUST00605,90,635031.66,7055.907333333334,56.91,7.527222222222223,0,2,2,0,Premium,Checking,Jaipur,41,Female,High
CUST00606,46,833813.19,18126.37369565217,43.21,11.580217391304348,0,2,2,0,Business,Savings,Ahmedabad,38,Male,High
CUST00607,77,794370.38,10316.498441558442,54.29,6.865194805194805,0,3,3,0,Premium,Savings,Mumbai,42,Male,High
CUST00608,49,394263.02999999997,8046.184285714285,66.81,11.219795918367346,1,2,3,0,Premium,Savings,Kolkata,37,Other,Critical
CUST00609,50,240171.28,4803.4256,49.72,9.994399999999999,0,2,2,0,Retail,Savings,Kolkata,47,Male,High
CUST00610,89,20080.64,225.62516853932584,26.65,5.453595505617978,0,0,0,0,Retail,Checking,Hyderabad,18,Other,Medium
CUST00611,64,263406.53,4115.72703125,89.74,15.786406249999999,6,5,11,14,Retail,Checking,Chennai,34,Female,Critical
CUST00612,117,348489.86,2978.545811965812,50.73,6.545042735042735,0,3,3,0,Retail,Checking,Pune,44,Female,High
CUST00613,182,646823.12,3553.9731868131867,54.67,8.472802197802197,0,6,6,0,Retail,Checking,Ahmedabad,58,Male,High
CUST00614,107,196728.27,1838.5819626168222,44.67,6.489906542056074,0,2,2,0,Retail,Checking,Bengaluru,43,Male,High
CUST00615,87,281014.4,3230.050574712644,50.13,5.173793103448276,0,1,1,0,Retail,Checking,Lucknow,26,Male,High
CUST00616,53,72033.56,1359.1237735849056,45.96,8.308301886792453,0,1,1,0,Retail,Savings,Pune,45,Female,High
CUST00617,39,313386.2,8035.54358974359,40.59,8.919487179487179,0,1,1,0,Premium,Savings,Lucknow,40,Male,High
CUST00618,127,740089.28,5827.474645669292,40.9,7.725196850393701,0,2,2,0,Premium,Checking,Kolkata,32,Male,High
CUST00619,69,323263.79,4684.982463768116,44.17,8.038840579710145,0,3,3,0,Retail,Checking,Ahmedabad,56,Male,High
CUST00620,70,320073.0,4572.471428571429,52.78,7.534,0,3,3,0,Retail,Savings,Pune,32,Male,High
CUST00621,98,696185.92,7103.937959183674,41.09,7.707346938775511,0,2,2,0,Premium,Savings,Pune,42,Female,High
CUST00622,70,275791.12,3939.8731428571427,88.05,11.502285714285714,1,7,8,9,Retail,Checking,Chennai,26,Male,Critical
CUST00623,63,241254.13,3829.430634920635,74.48,8.575079365079365,1,4,5,1,Retail,Checking,Ahmedabad,29,Male,Critical
CUST00624,48,355560.12,7407.5025,40.56,7.890208333333334,0,1,1,0,Premium,Savings,Hyderabad,53,Female,High
CUST00625,79,176032.44,2228.258734177215,49.43,7.377594936708861,0,4,4,0,Retail,Checking,Mumbai,32,Female,High
CUST00626,82,291685.39,3557.1389024390246,46.4,7.4486585365853655,0,3,3,0,Retail,Checking,Delhi,63,Female,High
CUST00627,50,194062.62,3881.2524,59.84,7.9294,0,2,2,0,Retail,Savings,Pune,40,Female,High
CUST00628,48,158544.87,3303.018125,30.82,7.072291666666666,0,0,0,0,Retail,Savings,Bengaluru,29,Male,Medium
CUST00629,33,307602.91000000003,9321.300303030304,41.77,12.621818181818181,0,3,3,0,Premium,Savings,Chennai,43,Female,High
CUST00630,63,128054.1,2032.604761904762,41.17,8.18952380952381,0,1,1,0,Retail,Savings,Bengaluru,44,Female,High
CUST00631,80,167255.68,2090.696,40.69,6.28775,0,2,2,0,Retail,Savings,Delhi,51,Female,High
CUST00632,61,65660.28,1076.3980327868853,47.88,7.70344262295082,0,1,1,0,Retail,Savings,Lucknow,42,Female,High
CUST00633,138,348547.57,2525.7070289855073,62.26,6.032826086956521,2,1,3,0,Retail,Savings,Mumbai,28,Male,Critical
CUST00634,86,382864.46,4451.912325581396,50.79,7.729069767441861,0,3,3,0,Retail,Premium,Delhi,33,Male,High
CUST00635,146,211906.79,1451.4163698630136,44.66,7.304520547945206,0,4,4,0,Retail,Checking,Kolkata,46,Female,High
CUST00636,142,152018.71,1070.554295774648,96.08,12.121901408450704,10,6,16,14,Retail,Checking,Lucknow,19,Male,Critical
CUST00637,102,248605.6,2437.309803921569,42.31,6.085392156862746,0,2,2,0,Retail,Savings,Ahmedabad,29,Other,High
CUST00638,42,70412.56999999999,1676.4897619047617,71.76,9.361666666666666,1,1,2,1,Retail,Savings,Delhi,40,Female,Critical
CUST00639,53,175691.28,3314.9298113207547,52.14,8.342452830188678,0,4,4,0,Retail,Savings,Mumbai,32,Male,High
CUST00640,81,324910.0,4011.2345679012346,49.79,7.536913580246914,0,4,4,0,Retail,Checking,Delhi,37,Male,High
CUST00641,38,112952.67,2972.4386842105264,54.94,9.104736842105263,0,3,3,0,Retail,Savings,Delhi,36,Male,High
CUST00642,30,264033.66,8801.122,58.4,11.846666666666666,0,2,2,0,Premium,Checking,Hyderabad,42,Female,High
CUST00643,32,211221.02,6600.656875,40.92,8.156875,0,1,1,0,Premium,Savings,Bengaluru,46,Female,High
CUST00644,107,1008760.76,9427.670654205607,42.32,7.608317757009346,0,1,1,0,Premium,Savings,Mumbai,44,Male,High
CUST00645,80,17867.38,223.34225,42.11,8.7645,0,2,2,0,Retail,Savings,Lucknow,21,Female,High
CUST00646,73,308115.78,4220.764109589041,40.79,7.680958904109589,0,2,2,0,Retail,Savings,Bengaluru,25,Female,High
CUST00647,57,405567.93,7115.226842105263,58.81,6.952982456140351,0,2,2,0,Retail,Checking,Ahmedabad,21,Male,High
CUST00648,48,256713.68,5348.201666666667,41.87,10.339791666666667,0,3,3,0,Retail,Checking,Jaipur,40,Female,High
CUST00649,92,163874.59,1781.2455434782607,47.87,5.361847826086957,0,1,1,0,Retail,Savings,Chennai,37,Female,High
CUST00650,58,231853.53,3997.474655172414,47.24,8.046551724137931,0,4,4,0,Retail,Checking,Mumbai,48,Other,High
CUST00651,73,270719.42,3708.485205479452,31.88,4.637397260273972,0,0,0,0,Retail,Premium,Kolkata,40,Male,Medium
CUST00652,45,246269.21,5472.649111111111,43.58,9.754444444444443,0,2,2,0,Retail,Savings,Hyderabad,25,Male,High
CUST00653,88,20533.9,233.33977272727273,47.21,6.697727272727272,0,2,2,0,Retail,Premium,Chennai,41,Female,High
CUST00654,114,224008.01,1964.9825438596492,53.66,6.776842105263158,0,4,4,0,Retail,Savings,Chennai,51,Male,High
CUST00655,111,302431.46,2724.607747747748,46.48,8.696036036036036,0,5,5,0,Retail,Savings,Kolkata,26,Male,High
CUST00656,26,382627.29,14716.43423076923,48.75,14.236153846153845,0,3,3,0,Business,Checking,Pune,49,Female,High
CUST00657,104,324430.64,3119.5253846153846,46.96,6.509038461538462,0,4,4,0,Retail,Savings,Jaipur,25,Male,High
CUST00658,78,338408.51,4338.570641025641,40.85,7.353333333333334,0,1,1,0,Retail,Savings,Bengaluru,40,Male,High
CUST00659,46,157694.59,3428.143260869565,81.65,16.563478260869566,1,6,7,7,Retail,Savings,Bengaluru,37,Female,Critical
CUST00660,86,292959.24,3406.5027906976743,45.83,6.539302325581395,0,4,4,0,Retail,Checking,Bengaluru,41,Male,High
CUST00661,50,421302.39999999997,8426.047999999999,59.92,9.214,0,3,3,0,Premium,Savings,Hyderabad,52,Female,High
CUST00662,93,361651.71,3888.728064516129,40.68,6.379784946236558,0,2,2,0,Retail,Checking,Lucknow,59,Male,High
CUST00663,73,247975.31,3396.9220547945206,40.33,6.486575342465753,0,1,1,0,Retail,Savings,Jaipur,34,Female,High
CUST00664,73,278119.59,3809.8573972602744,49.36,6.922054794520548,0,3,3,0,Retail,Savings,Delhi,18,Female,High
CUST00665,90,390782.92,4342.032444444444,45.86,8.122222222222222,0,4,4,0,Retail,Savings,Lucknow,21,Male,High
CUST00666,71,557177.44,7847.569577464788,54.95,9.182394366197183,0,6,6,0,Premium,Savings,Bengaluru,32,Male,High
CUST00667,46,836573.81,18186.387173913045,54.1,12.07521739130435,0,3,3,0,Business,Savings,Pune,43,Male,High
CUST00668,111,406521.59,3662.356666666667,69.78,8.19009009009009,2,3,5,1,Retail,Savings,Mumbai,40,Female,Critical
CUST00669,74,291841.28,3943.8010810810815,52.78,8.010135135135135,0,2,2,0,Retail,Savings,Lucknow,41,Male,High
CUST00670,32,159979.72,4999.36625,27.46,7.939375,0,0,0,0,Retail,Checking,Hyderabad,36,Female,Medium
CUST00671,115,280214.11,2436.6444347826086,60.44,7.578695652173913,1,4,5,0,Retail,Savings,Bengaluru,61,Male,Critical
CUST00672,79,240060.66,3038.7425316455697,63.3,7.707848101265823,1,2,3,0,Retail,Savings,Lucknow,70,Male,Critical
CUST00673,49,100397.5,2048.9285714285716,55.59,7.1793877551020415,0,2,2,0,Retail,Savings,Bengaluru,42,Female,High
CUST00674,10,11900.0,1190.0,29.67,15.406,0,0,0,0,Retail,Savings,Jaipur,27,Female,Medium
CUST00675,76,1638233.27,21555.70092105263,42.55,10.889736842105263,0,4,4,0,Business,Savings,Pune,30,Female,High
CUST00676,43,121738.49,2831.127674418605,35.53,6.2120930232558145,0,0,0,0,Retail,Savings,Lucknow,37,Male,Medium
CUST00677,76,139525.02,1835.8555263157893,72.51,7.8175,1,2,3,0,Retail,Savings,Ahmedabad,32,Male,Critical
CUST00678,157,306748.52,1953.8122292993633,52.17,6.610254777070064,0,3,3,0,Retail,Checking,Hyderabad,18,Female,High
CUST00679,54,199440.79,3693.3479629629633,47.69,6.225,0,2,2,0,Premium,Savings,Pune,47,Female,High
CUST00680,56,966245.79,17254.38910714286,47.86,11.697857142857144,0,2,2,0,Business,Savings,Mumbai,41,Male,High
CUST00681,67,137971.02,2059.2689552238803,40.41,6.367462686567165,0,2,2,0,Retail,Savings,Jaipur,39,Female,High
CUST00682,93,313510.05,3371.0758064516126,43.49,7.364193548387097,0,3,3,0,Retail,Savings,Ahmedabad,35,Female,High
CUST00683,77,415780.17,5399.742467532467,60.82,8.88883116883117,1,2,3,0,Retail,Savings,Pune,42,Female,Critical
CUST00684,95,323122.82,3401.2928421052634,61.14,6.753052631578947,1,1,2,0,Retail,Checking,Pune,18,Male,Critical
CUST00685,49,414142.92,8451.896326530612,50.89,7.221224489795919,0,1,1,0,Premium,Premium,Delhi,44,Female,High
CUST00686,11,73707.28,6700.6618181818185,31.72,14.631818181818181,0,0,0,0,Premium,Savings,Ahmedabad,48,Male,Medium
CUST00687,31,94292.38,3041.689677419355,43.86,12.833548387096773,0,2,2,0,Retail,Savings,Jaipur,33,Male,High
CUST00688,52,229033.8,4404.496153846154,55.96,10.971153846153847,0,4,4,0,Premium,Savings,Kolkata,36,Male,High
CUST00689,66,186379.23,2823.927727272727,81.61,8.92621212121212,1,1,2,0,Retail,Checking,Mumbai,48,Female,Critical
CUST00690,42,217336.54,5174.679523809524,44.01,9.613809523809524,0,2,2,0,Premium,Checking,Jaipur,35,Male,High
CUST00691,49,335025.25,6837.25,78.16,8.453061224489796,1,1,2,0,Retail,Savings,Hyderabad,41,Female,Critical
CUST00692,74,545059.92,7365.674594594595,41.7,5.94,0,2,2,0,Retail,Savings,Pune,26,Female,High
CUST00693,120,674496.4,5620.803333333333,72.0,7.70975,1,5,6,1,Premium,Checking,Kolkata,42,Male,Critical
CUST00694,76,187517.06,2467.3297368421054,49.95,6.8755263157894735,0,3,3,0,Retail,Savings,Lucknow,60,Male,High
CUST00695,51,479273.47,9397.519019607842,40.68,7.965098039215687,0,1,1,0,Premium,Checking,Bengaluru,37,Male,High
CUST00696,98,571256.81,5829.1511224489805,45.39,6.9376530612244895,0,3,3,0,Retail,Premium,Jaipur,19,Male,High
CUST00697,78,138088.65,1770.3673076923076,67.54,7.220897435897436,1,2,3,1,Retail,Premium,Delhi,46,Female,Critical
CUST00698,110,403457.83,3667.7984545454547,40.72,6.268272727272727,0,1,1,0,Retail,Savings,Kolkata,32,Female,High
CUST00699,51,106915.15,2096.3754901960783,47.06,7.917843137254902,0,1,1,0,Retail,Savings,Hyderabad,32,Female,High
CUST00700,13,40589.76,3122.289230769231,33.5,9.73076923076923,0,0,0,0,Retail,Checking,Kolkata,33,Female,Medium
CUST00701,129,702511.06,5445.822170542636,50.23,6.723488372093024,0,4,4,0,Premium,Savings,Kolkata,44,Female,High
CUST00702,20,160203.42,8010.171,48.15,14.157499999999999,0,1,1,0,Premium,Checking,Jaipur,30,Female,High
CUST00703,14,28951.57,2067.969285714286,50.45,17.357857142857142,0,2,2,0,Retail,Savings,Bengaluru,24,Male,High
CUST00704,54,43291.29,801.6905555555555,55.94,7.486296296296296,0,3,3,0,Retail,Savings,Ahmedabad,42,Male,High
CUST00705,49,147292.95,3005.9785714285717,41.29,7.939591836734694,0,2,2,0,Retail,Checking,Chennai,48,Male,High
CUST00706,52,42021.79,808.1113461538462,44.0,9.395192307692309,0,2,2,0,Retail,Savings,Jaipur,18,Female,High
CUST00707,51,194180.99,3807.4703921568625,31.03,5.327254901960784,0,0,0,0,Retail,Savings,Lucknow,18,Female,Medium
CUST00708,84,119639.45,1424.2791666666667,42.24,5.1588095238095235,0,2,2,0,Retail,Savings,Delhi,34,Male,High
CUST00709,93,370835.32,3987.476559139785,40.37,7.926774193548388,0,2,2,0,Retail,Savings,Pune,25,Male,High
CUST00710,57,220196.28,3863.0926315789475,55.52,7.242982456140351,0,2,2,0,Retail,Savings,Kolkata,41,Female,High
CUST00711,49,41565.96,848.2848979591837,50.31,9.058571428571428,0,1,1,0,Retail,Savings,Ahmedabad,35,Male,High
CUST00712,52,215324.0,4140.846153846154,48.2,8.966346153846153,0,3,3,0,Retail,Checking,Bengaluru,36,Female,High
CUST00713,94,467307.89,4971.360531914894,56.2,7.059148936170214,0,4,4,0,Retail,Checking,Jaipur,38,Female,High
CUST00714,37,280250.36,7574.334054054054,53.78,9.133783783783784,0,2,2,0,Premium,Savings,Mumbai,36,Male,High
CUST00715,58,501724.56,8650.423448275862,55.82,8.666206896551724,0,5,5,0,Premium,Checking,Jaipur,18,Male,High
CUST00716,81,1489224.73,18385.49049382716,58.28,12.235432098765433,0,6,6,0,Business,Savings,Chennai,22,Other,High
CUST00717,70,265236.19,3789.0884285714287,60.24,7.354571428571429,1,0,1,0,Retail,Savings,Bengaluru,46,Female,Critical
CUST00718,67,266967.46,3984.588955223881,56.25,8.237462686567163,0,3,3,0,Retail,Savings,Pune,18,Male,High
CUST00719,72,203241.52,2822.7988888888885,52.21,7.907777777777778,0,5,5,0,Retail,Savings,Lucknow,36,Male,High
CUST00720,155,669940.2,4322.194838709677,59.53,7.254774193548387,0,3,3,0,Retail,Premium,Chennai,28,Male,High
CUST00721,91,320209.51,3518.7858241758245,45.15,7.674945054945055,0,4,4,0,Retail,Checking,Chennai,45,Female,High
CUST00722,81,198932.48,2455.9565432098766,82.81,7.281111111111111,1,3,4,2,Retail,Premium,Hyderabad,39,Female,Critical
CUST00723,74,1425403.78,19262.213243243245,42.51,10.263243243243243,0,2,2,0,Business,Checking,Chennai,49,Female,High
CUST00724,137,67327.25,491.43978102189783,50.24,8.287153284671533,0,2,2,0,Retail,Savings,Jaipur,29,Male,High
CUST00725,29,128227.9,4421.651724137931,40.02,8.54551724137931,0,1,1,0,Retail,Checking,Delhi,42,Female,High
CUST00726,99,1633101.15,16495.97121212121,50.1,9.443232323232323,0,6,6,0,Business,Checking,Lucknow,29,Female,High
CUST00727,66,241819.86,3663.9372727272726,45.26,6.682424242424243,0,2,2,0,Retail,Checking,Kolkata,34,Male,High
CUST00728,29,483549.52999999997,16674.12172413793,59.45,12.699310344827586,0,2,2,0,Business,Savings,Bengaluru,43,Male,High
CUST00729,66,103864.8,1573.709090909091,43.07,6.696363636363637,0,1,1,0,Retail,Savings,Jaipur,37,Female,High
CUST00730,56,952316.29,17005.648035714286,48.73,12.802321428571428,0,2,2,0,Business,Savings,Pune,28,Male,High
CUST00731,111,494360.15,4453.695045045045,56.86,5.696576576576577,0,3,3,0,Retail,Savings,Jaipur,35,Male,High
CUST00732,23,50885.0,2212.391304347826,46.8,11.249130434782609,0,1,1,0,Retail,Savings,Mumbai,50,Female,High
CUST00733,122,28855.17,236.5177868852459,61.02,7.196229508196722,1,2,3,0,Retail,Checking,Delhi,28,Male,Critical
CUST00734,78,272769.84,3497.049230769231,45.38,6.35974358974359,0,1,1,0,Retail,Checking,Chennai,25,Male,High
CUST00735,74,167652.12,2265.5691891891893,49.55,8.052027027027027,0,3,3,0,Retail,Savings,Delhi,38,Male,High
CUST00736,73,569091.73,7795.777123287671,62.02,9.321917808219178,1,4,5,0,Premium,Savings,Kolkata,47,Female,Critical
CUST00737,133,397340.49,2987.5224812030074,53.77,7.608421052631579,0,3,3,0,Retail,Checking,Kolkata,29,Male,High
CUST00738,54,241854.94,4478.795185185185,46.35,7.784074074074074,0,2,2,0,Retail,Savings,Chennai,38,Male,High
CUST00739,37,155419.23,4200.51972972973,30.6,9.312702702702703,0,0,0,0,Retail,Premium,Delhi,39,Male,Medium
CUST00740,63,1011701.97,16058.761428571428,56.79,11.946190476190477,0,5,5,0,Business,Savings,Bengaluru,62,Male,High
CUST00741,43,65137.15,1514.8174418604651,40.63,8.667906976744186,0,1,1,0,Retail,Checking,Bengaluru,50,Male,High
CUST00742,80,325924.56,4074.057,95.52,16.606125,9,5,14,12,Retail,Savings,Hyderabad,36,Female,Critical
CUST00743,132,593125.46,4493.374696969697,54.04,7.41,0,8,8,0,Retail,Checking,Hyderabad,35,Male,High
CUST00744,23,67489.92,2934.344347826087,51.96,11.04304347826087,0,3,3,0,Retail,Savings,Pune,35,Female,High
CUST00745,78,396164.29,5079.029358974359,48.59,7.849230769230769,0,3,3,0,Retail,Checking,Pune,31,Male,High
CUST00746,58,406849.7,7014.650000000001,47.76,7.509137931034482,0,1,1,0,Premium,Checking,Jaipur,38,Male,High
CUST00747,69,19938.52,288.9640579710145,100.0,15.623478260869565,6,2,8,7,Retail,Premium,Kolkata,31,Male,Critical
CUST00748,31,95613.08,3084.2929032258066,49.55,9.79258064516129,0,2,2,0,Retail,Premium,Jaipur,39,Female,High
CUST00749,53,86308.09,1628.4545283018867,41.73,6.72943396226415,0,1,1,0,Retail,Checking,Chennai,38,Female,High
CUST00750,76,403083.75,5303.733552631579,28.78,5.2124999999999995,0,0,0,0,Retail,Savings,Chennai,18,Female,Medium
CUST00751,106,589054.9,5557.1216981132075,42.13,6.546132075471698,0,2,2,0,Retail,Savings,Chennai,18,Female,High
CUST00752,108,581790.46,5386.948703703703,40.89,5.345092592592592,0,1,1,0,Retail,Savings,Pune,26,Female,High
CUST00753,47,338669.13,7205.726170212766,44.2,7.879574468085106,0,2,2,0,Retail,Checking,Ahmedabad,29,Male,High
CUST00754,98,329715.4,3364.4428571428575,50.97,7.834897959183674,0,2,2,0,Retail,Savings,Hyderabad,37,Female,High
CUST00755,61,79010.3,1295.2508196721312,56.22,7.2291803278688525,0,2,2,0,Retail,Checking,Hyderabad,54,Male,High
CUST00756,62,926375.59,14941.541774193547,43.05,10.208064516129031,0,1,1,0,Business,Savings,Delhi,32,Female,High
CUST00757,66,219181.57,3320.932878787879,40.17,6.204999999999999,0,1,1,0,Retail,Checking,Bengaluru,33,Female,High
CUST00758,82,331997.28,4048.747317073171,49.81,5.504024390243902,0,2,2,0,Retail,Premium,Bengaluru,29,Male,High
CUST00759,82,268745.09,3277.3791463414636,44.82,6.630121951219512,0,2,2,0,Retail,Savings,Ahmedabad,54,Female,High
CUST00760,158,2691766.93,17036.499556962026,50.35,10.328164556962024,0,7,7,0,Business,Checking,Kolkata,34,Female,High
CUST00761,118,343013.99,2906.898220338983,72.36,9.765847457627117,1,6,7,1,Retail,Premium,Kolkata,27,Male,Critical
CUST00762,127,1009542.63,7949.154566929134,45.05,5.482755905511811,0,2,2,0,Retail,Savings,Ahmedabad,47,Female,High
CUST00763,120,1099719.79,9164.331583333334,46.15,6.978666666666666,0,2,2,0,Premium,Savings,Kolkata,36,Female,High
CUST00764,105,379260.78,3612.007428571429,44.27,5.273809523809524,0,3,3,0,Retail,Checking,Ahmedabad,23,Male,High
CUST00765,101,23840.16,236.04118811881187,40.13,6.633168316831684,0,1,1,0,Retail,Premium,Lucknow,26,Male,High
CUST00766,17,32245.86,1896.815294117647,63.01,10.500588235294117,1,0,1,0,Retail,Savings,Chennai,51,Male,Critical
CUST00767,40,303205.47,7580.13675,58.06,8.71075,0,2,2,0,Premium,Savings,Delhi,32,Female,High
CUST00768,129,560679.88,4346.355658914728,45.03,7.626356589147287,0,4,4,0,Retail,Savings,Bengaluru,42,Male,High
CUST00769,57,288778.33,5066.28649122807,43.35,7.058596491228069,0,2,2,0,Retail,Savings,Lucknow,42,Male,High
CUST00770,105,2206850.54,21017.624190476192,56.07,11.920380952380953,0,5,5,0,Business,Checking,Lucknow,42,Male,High
CUST00771,41,172664.79,4211.336341463415,47.34,7.771463414634146,0,1,1,0,Retail,Checking,Hyderabad,39,Male,High
CUST00772,109,450748.52,4135.30752293578,50.98,6.755596330275229,0,6,6,0,Retail,Checking,Lucknow,35,Female,High
CUST00773,93,151072.91,1624.4398924731183,48.45,7.001612903225806,0,4,4,0,Retail,Savings,Bengaluru,46,Female,High
CUST00774,96,1755596.8,18287.466666666667,56.08,10.6284375,0,5,5,0,Business,Savings,Ahmedabad,28,Male,High
CUST00775,71,304905.23,4294.43985915493,55.83,8.969154929577465,0,6,6,0,Retail,Savings,Mumbai,51,Female,High
CUST00776,47,140086.62,2980.566382978723,57.25,7.560425531914893,0,2,2,0,Retail,Savings,Ahmedabad,40,Female,High
CUST00777,111,368445.42,3319.328108108108,40.56,5.485675675675675,0,2,2,0,Retail,Savings,Bengaluru,44,Other,High
CUST00778,57,150390.65,2638.432456140351,50.16,6.67578947368421,0,3,3,0,Retail,Savings,Mumbai,37,Female,High
CUST00779,130,1009857.14,7768.131846153847,58.74,8.553615384615386,0,4,4,0,Premium,Savings,Delhi,39,Male,High
CUST00780,69,1654208.66,23974.038550724636,62.03,12.705652173913045,1,5,6,0,Business,Savings,Jaipur,38,Male,Critical
CUST00781,58,262114.59,4519.217068965517,52.82,6.78155172413793,0,3,3,0,Retail,Premium,Pune,48,Male,High
CUST00782,113,422992.48,3743.2962831858404,50.01,9.654070796460177,0,7,7,0,Retail,Savings,Ahmedabad,52,Male,High
CUST00783,36,190187.02,5282.972777777777,33.1,6.911944444444445,0,0,0,0,Retail,Savings,Lucknow,34,Male,Medium
CUST00784,122,424192.03,3476.983852459017,46.92,7.384590163934426,0,2,2,0,Retail,Premium,Hyderabad,28,Male,High
CUST00785,78,232945.05,2986.475,63.06,7.7615384615384615,1,2,3,0,Retail,Checking,Jaipur,34,Female,Critical
CUST00786,136,2534065.63,18632.835514705883,52.07,9.999926470588235,0,6,6,0,Business,Savings,Chennai,38,Female,High
CUST00787,59,311022.02999999997,5271.559830508474,54.48,6.816101694915254,0,1,1,0,Retail,Checking,Bengaluru,54,Male,High
CUST00788,60,248250.45,4137.507500000001,58.05,7.256666666666666,0,2,2,0,Retail,Premium,Chennai,23,Female,High
CUST00789,45,146617.99,3258.1775555555555,40.1,8.225777777777779,0,2,2,0,Retail,Savings,Delhi,50,Male,High
CUST00790,83,250861.24,3022.424578313253,43.45,7.601686746987952,0,2,2,0,Retail,Premium,Kolkata,29,Female,High
CUST00791,13,30901.260000000002,2377.02,66.44,19.743076923076924,1,0,1,0,Retail,Premium,Jaipur,46,Female,Critical
CUST00792,36,213328.32,5925.786666666667,78.72,8.980555555555556,1,0,1,0,Retail,Checking,Kolkata,39,Female,Critical
CUST00793,83,363694.34,4381.85951807229,49.41,6.3103614457831325,0,2,2,0,Retail,Savings,Bengaluru,18,Male,High
CUST00794,111,2054427.67,18508.357387387387,68.83,11.574054054054054,2,4,6,0,Business,Savings,Pune,36,Female,Critical
CUST00795,85,1488542.47,17512.264352941176,57.14,10.304470588235294,0,6,6,0,Business,Savings,Mumbai,34,Female,High
CUST00796,67,250409.1,3737.4492537313436,50.57,9.016268656716418,0,4,4,0,Retail,Checking,Hyderabad,45,Female,High
CUST00797,41,236385.77,5765.506585365853,85.96,12.410243902439024,1,2,3,2,Premium,Checking,Bengaluru,47,Male,Critical
CUST00798,80,292264.87,3653.310875,54.55,6.984125000000001,0,3,3,0,Retail,Checking,Kolkata,18,Male,High
CUST00799,38,7350.98,193.44684210526316,54.66,8.501315789473685,0,1,1,0,Retail,Savings,Chennai,46,Female,High
CUST00800,82,242811.94,2961.1212195121952,45.3,6.059024390243902,0,1,1,0,Retail,Checking,Bengaluru,26,Female,High
