customer_id,signup_date,age,gender,home_city,home_country,account_type,customer_segment
CUST00001,2024-10-22,25,Female,Ahmedabad,India,Checking,Premium
CUST00002,2022-04-13,37,Female,Ahmedabad,India,Savings,Retail
CUST00003,2022-12-22,27,Female,Hyderabad,India,Savings,Retail
CUST00004,2022-05-08,52,Male,Chennai,India,Checking,Premium
CUST00005,2022-12-20,43,Male,Delhi,India,Premium,Premium
CUST00006,2021-12-19,36,Female,Delhi,India,Savings,Retail
CUST00007,2022-08-20,44,Female,Ahmedabad,India,Checking,Premium
CUST00008,2022-08-09,46,Female,Delhi,India,Checking,Retail
CUST00009,2022-12-07,30,Female,Hyderabad,India,Savings,Retail
CUST00010,2024-11-06,39,Male,Ahmedabad,India,Checking,Retail
CUST00011,2021-03-19,35,Male,Bengaluru,India,Savings,Premium
CUST00012,2023-06-03,32,Male,Kolkata,India,Checking,Premium
CUST00013,2023-10-28,33,Male,Mumbai,India,Savings,Premium
CUST00014,2023-03-02,45,Male,Kolkata,India,Savings,Retail
CUST00015,2023-10-16,26,Female,Delhi,India,Checking,Business
CUST00016,2024-02-13,26,Male,Ahmedabad,India,Savings,Retail
CUST00017,2022-04-07,40,Male,Chennai,India,Premium,Retail
CUST00018,2023-12-05,57,Female,Kolkata,India,Savings,Retail
CUST00019,2024-05-30,42,Female,Chennai,India,Checking,Retail
CUST00020,2023-05-15,45,Male,Chennai,India,Premium,Retail
CUST00021,2024-01-22,72,Male,Hyderabad,India,Checking,Business
CUST00022,2022-12-22,30,Female,Pune,India,Checking,Retail
CUST00023,2023-11-24,32,Male,Delhi,India,Checking,Retail
CUST00024,2022-09-11,23,Female,Lucknow,India,Checking,Retail
CUST00025,2021-04-17,49,Male,Chennai,India,Savings,Retail
CUST00026,2023-01-09,23,Female,Mumbai,India,Premium,Business
CUST00027,2024-09-13,53,Female,Pune,India,Checking,Premium
CUST00028,2023-08-22,23,Male,Bengaluru,India,Savings,Retail
CUST00029,2023-09-10,24,Male,Pune,India,Checking,Retail
CUST00030,2021-05-29,54,Female,Mumbai,India,Checking,Retail
CUST00031,2022-01-31,27,Male,Pune,India,Checking,Premium
CUST00032,2022-11-20,32,Male,Lucknow,India,Savings,Retail
CUST00033,2021-04-21,35,Male,Lucknow,India,Checking,Retail
CUST00034,2025-02-21,60,Male,Lucknow,India,Checking,Business
CUST00035,2022-07-01,29,Female,Delhi,India,Savings,Premium
CUST00036,2022-02-19,31,Male,Kolkata,India,Savings,Retail
CUST00037,2023-01-12,22,Female,Bengaluru,India,Checking,Premium
CUST00038,2023-09-23,58,Male,Delhi,India,Savings,Retail
CUST00039,2022-11-05,21,Female,Delhi,India,Savings,Retail
CUST00040,2023-02-03,39,Male,Kolkata,India,Savings,Retail
CUST00041,2023-03-09,71,Male,Delhi,India,Checking,Retail
CUST00042,2021-06-11,24,Female,Pune,India,Savings,Premium
CUST00043,2021-12-11,24,Male,Lucknow,India,Checking,Premium
CUST00044,2021-11-04,39,Male,Pune,India,Savings,Premium
CUST00045,2024-12-03,18,Male,Delhi,India,Savings,Retail
CUST00046,2023-06-04,25,Male,Chennai,India,Premium,Retail
CUST00047,2023-04-26,58,Male,Pune,India,Checking,Retail
CUST00048,2024-06-16,23,Male,Ahmedabad,India,Premium,Retail
CUST00049,2022-08-31,46,Female,Ahmedabad,India,Savings,Business
CUST00050,2023-05-18,29,Female,Ahmedabad,India,Savings,Business
CUST00051,2024-06-29,51,Female,Delhi,India,Savings,Retail
CUST00052,2023-01-31,18,Female,Hyderabad,India,Savings,Business
CUST00053,2022-03-27,31,Male,Hyderabad,India,Savings,Retail
CUST00054,2021-12-20,36,Male,Chennai,India,Savings,Retail
CUST00055,2024-08-26,29,Other,Ahmedabad,India,Checking,Business
CUST00056,2025-02-23,48,Female,Ahmedabad,India,Premium,Retail
CUST00057,2025-01-14,39,Male,Kolkata,India,Checking,Retail
CUST00058,2025-02-13,44,Male,Chennai,India,Savings,Premium
CUST00059,2022-01-14,46,Female,Jaipur,India,Checking,Business
CUST00060,2021-09-10,29,Female,Mumbai,India,Checking,Retail
CUST00061,2021-07-05,36,Female,Mumbai,India,Checking,Retail
CUST00062,2024-03-08,46,Male,Mumbai,India,Checking,Business
CUST00063,2023-05-02,54,Male,Bengaluru,India,Premium,Retail
CUST00064,2025-02-07,47,Male,Bengaluru,India,Checking,Business
CUST00065,2024-04-14,18,Male,Jaipur,India,Savings,Retail
CUST00066,2022-12-25,35,Female,Ahmedabad,India,Savings,Retail
CUST00067,2023-01-02,34,Male,Kolkata,India,Savings,Business
CUST00068,2024-08-24,38,Female,Delhi,India,Savings,Retail
CUST00069,2021-04-04,27,Male,Hyderabad,India,Checking,Retail
CUST00070,2023-04-01,51,Female,Hyderabad,India,Checking,Retail
CUST00071,2022-09-08,33,Female,Chennai,India,Savings,Retail
CUST00072,2021-11-30,39,Male,Ahmedabad,India,Savings,Business
CUST00073,2023-01-29,45,Male,Jaipur,India,Savings,Premium
CUST00074,2022-03-24,18,Male,Chennai,India,Checking,Retail
CUST00075,2024-03-16,19,Male,Kolkata,India,Premium,Retail
CUST00076,2022-01-25,19,Female,Kolkata,India,Checking,Retail
CUST00077,2023-04-16,29,Other,Delhi,India,Premium,Premium
CUST00078,2022-07-20,54,Male,Delhi,India,Savings,Retail
CUST00079,2021-06-21,26,Female,Delhi,India,Savings,Business
CUST00080,2021-02-28,18,Female,Pune,India,Savings,Retail
CUST00081,2023-07-13,36,Female,Kolkata,India,Savings,Retail
CUST00082,2023-11-02,41,Female,Hyderabad,India,Savings,Premium
CUST00083,2023-08-16,27,Male,Chennai,India,Premium,Retail
CUST00084,2023-11-23,36,Male,Delhi,India,Savings,Business
CUST00085,2023-07-01,27,Female,Bengaluru,India,Premium,Retail
CUST00086,2022-07-20,18,Female,Lucknow,India,Checking,Business
CUST00087,2021-11-29,27,Female,Hyderabad,India,Premium,Retail
CUST00088,2021-04-06,32,Other,Ahmedabad,India,Savings,Retail
CUST00089,2021-09-16,18,Female,Hyderabad,India,Checking,Retail
CUST00090,2024-02-05,47,Female,Lucknow,India,Savings,Retail
CUST00091,2022-02-05,43,Male,Ahmedabad,India,Checking,Premium
CUST00092,2024-10-04,32,Male,Kolkata,India,Savings,Retail
CUST00093,2022-05-09,54,Male,Jaipur,India,Premium,Retail
CUST00094,2022-04-24,34,Male,Pune,India,Premium,Retail
CUST00095,2023-05-11,46,Female,Ahmedabad,India,Savings,Business
CUST00096,2024-06-01,22,Male,Lucknow,India,Savings,Retail
CUST00097,2024-10-02,24,Male,Chennai,India,Savings,Retail
CUST00098,2023-05-11,18,Male,Hyderabad,India,Savings,Premium
CUST00099,2022-11-30,43,Male,Chennai,India,Checking,Retail
CUST00100,2021-09-23,48,Female,Bengaluru,India,Premium,Retail
CUST00101,2022-10-25,47,Male,Ahmedabad,India,Premium,Retail
CUST00102,2024-06-24,55,Male,Pune,India,Premium,Retail
CUST00103,2021-05-24,28,Female,Lucknow,India,Savings,Retail
CUST00104,2021-12-27,35,Male,Chennai,India,Savings,Retail
CUST00105,2021-03-27,35,Male,Chennai,India,Savings,Retail
CUST00106,2024-09-20,23,Male,Pune,India,Savings,Retail
CUST00107,2024-03-31,18,Female,Chennai,India,Checking,Retail
CUST00108,2023-03-24,24,Female,Mumbai,India,Savings,Retail
CUST00109,2024-10-21,47,Female,Mumbai,India,Savings,Retail
CUST00110,2024-03-28,18,Female,Pune,India,Premium,Retail
CUST00111,2021-03-01,38,Male,Jaipur,India,Savings,Business
CUST00112,2022-03-19,48,Male,Jaipur,India,Checking,Premium
CUST00113,2021-11-08,42,Female,Mumbai,India,Savings,Retail
CUST00114,2023-12-15,54,Female,Ahmedabad,India,Checking,Premium
CUST00115,2024-12-04,38,Female,Delhi,India,Savings,Business
CUST00116,2023-08-10,40,Male,Delhi,India,Savings,Premium
CUST00117,2023-05-15,44,Male,Pune,India,Checking,Retail
CUST00118,2021-10-04,38,Female,Jaipur,India,Checking,Retail
CUST00119,2022-02-05,36,Female,Pune,India,Savings,Business
CUST00120,2023-09-23,31,Male,Pune,India,Premium,Retail
CUST00121,2023-09-21,32,Male,Lucknow,India,Premium,Retail
CUST00122,2021-08-17,38,Female,Ahmedabad,India,Savings,Retail
CUST00123,2021-05-06,24,Male,Pune,India,Premium,Business
CUST00124,2023-06-08,33,Male,Ahmedabad,India,Savings,Business
CUST00125,2022-08-24,75,Male,Chennai,India,Savings,Retail
CUST00126,2024-11-23,38,Male,Delhi,India,Savings,Retail
CUST00127,2025-01-27,26,Male,Lucknow,India,Checking,Retail
CUST00128,2021-03-29,33,Female,Delhi,India,Savings,Retail
CUST00129,2024-03-08,18,Female,Kolkata,India,Savings,Retail
CUST00130,2022-01-22,49,Male,Lucknow,India,Premium,Business
CUST00131,2024-04-10,18,Male,Pune,India,Checking,Premium
CUST00132,2023-05-05,50,Male,Delhi,India,Checking,Retail
CUST00133,2024-09-20,36,Male,Ahmedabad,India,Premium,Retail
CUST00134,2023-08-15,25,Female,Bengaluru,India,Savings,Retail
CUST00135,2024-08-17,55,Female,Jaipur,India,Savings,Retail
CUST00136,2024-11-13,31,Male,Jaipur,India,Savings,Retail
CUST00137,2023-09-18,38,Female,Delhi,India,Savings,Business
CUST00138,2021-04-22,36,Female,Bengaluru,India,Savings,Retail
CUST00139,2024-11-17,41,Female,Hyderabad,India,Savings,Retail
CUST00140,2023-09-04,43,Female,Hyderabad,India,Savings,Business
CUST00141,2022-07-10,37,Female,Kolkata,India,Savings,Premium
CUST00142,2022-02-18,21,Male,Mumbai,India,Savings,Retail
CUST00143,2021-12-31,40,Female,Kolkata,India,Savings,Business
CUST00144,2022-07-09,43,Female,Pune,India,Savings,Business
CUST00145,2022-10-27,21,Female,Mumbai,India,Checking,Premium
CUST00146,2024-06-22,55,Female,Chennai,India,Checking,Retail
CUST00147,2022-10-18,39,Male,Pune,India,Checking,Retail
CUST00148,2024-02-16,42,Male,Delhi,India,Checking,Retail
CUST00149,2021-12-05,31,Male,Delhi,India,Savings,Premium
CUST00150,2022-02-01,45,Female,Delhi,India,Premium,Retail
CUST00151,2022-01-27,18,Male,Lucknow,India,Checking,Retail
CUST00152,2023-05-25,43,Female,Kolkata,India,Premium,Retail
CUST00153,2021-10-04,26,Male,Jaipur,India,Savings,Retail
CUST00154,2023-07-19,44,Female,Lucknow,India,Premium,Premium
CUST00155,2024-09-29,21,Female,Hyderabad,India,Checking,Retail
CUST00156,2023-09-17,55,Male,Hyderabad,India,Premium,Premium
CUST00157,2023-05-04,55,Other,Ahmedabad,India,Checking,Retail
CUST00158,2024-01-06,40,Male,Delhi,India,Checking,Retail
CUST00159,2021-05-23,43,Female,Delhi,India,Premium,Retail
CUST00160,2022-11-07,34,Other,Delhi,India,Savings,Retail
CUST00161,2025-01-27,37,Male,Lucknow,India,Checking,Retail
CUST00162,2024-06-14,45,Female,Hyderabad,India,Savings,Retail
CUST00163,2021-05-26,48,Male,Hyderabad,India,Checking,Premium
CUST00164,2022-11-16,51,Male,Jaipur,India,Savings,Retail
CUST00165,2024-10-26,35,Male,Hyderabad,India,Checking,Retail
CUST00166,2024-11-27,27,Female,Jaipur,India,Checking,Retail
CUST00167,2022-10-21,38,Male,Bengaluru,India,Checking,Retail
CUST00168,2022-08-26,38,Female,Bengaluru,India,Savings,Retail
CUST00169,2024-12-03,49,Female,Chennai,India,Checking,Retail
CUST00170,2021-05-02,18,Female,Lucknow,India,Savings,Retail
CUST00171,2025-02-21,27,Female,Pune,India,Checking,Premium
CUST00172,2023-09-03,36,Male,Hyderabad,India,Checking,Retail
CUST00173,2022-02-17,43,Male,Bengaluru,India,Checking,Retail
CUST00174,2025-02-17,34,Male,Bengaluru,India,Savings,Retail
CUST00175,2021-10-14,47,Male,Lucknow,India,Checking,Retail
CUST00176,2021-07-30,22,Male,Mumbai,India,Savings,Retail
CUST00177,2023-10-14,27,Female,Chennai,India,Savings,Retail
CUST00178,2025-01-14,18,Female,Lucknow,India,Savings,Retail
CUST00179,2021-04-17,53,Male,Ahmedabad,India,Premium,Retail
CUST00180,2023-04-14,44,Female,Lucknow,India,Savings,Premium
CUST00181,2024-01-02,39,Male,Lucknow,India,Checking,Retail
CUST00182,2021-03-20,53,Female,Delhi,India,Savings,Retail
CUST00183,2023-08-23,18,Male,Lucknow,India,Savings,Retail
CUST00184,2023-12-30,29,Male,Kolkata,India,Savings,Retail
CUST00185,2023-02-26,39,Female,Ahmedabad,India,Checking,Retail
CUST00186,2021-04-06,45,Female,Lucknow,India,Savings,Retail
CUST00187,2021-06-17,38,Female,Pune,India,Checking,Retail
CUST00188,2024-07-23,18,Female,Jaipur,India,Savings,Retail
CUST00189,2021-03-11,47,Female,Chennai,India,Savings,Retail
CUST00190,2024-03-14,19,Male,Lucknow,India,Savings,Premium
CUST00191,2024-09-11,45,Male,Delhi,India,Checking,Retail
CUST00192,2021-05-28,33,Male,Chennai,India,Checking,Retail
CUST00193,2022-03-25,35,Female,Jaipur,India,Savings,Retail
CUST00194,2024-09-17,19,Male,Chennai,India,Savings,Retail
CUST00195,2022-11-09,18,Female,Delhi,India,Premium,Retail
CUST00196,2024-03-07,45,Male,Mumbai,India,Checking,Premium
CUST00197,2024-05-06,25,Female,Pune,India,Savings,Business
CUST00198,2023-08-09,44,Male,Mumbai,India,Savings,Premium
CUST00199,2022-04-06,31,Female,Pune,India,Savings,Retail
CUST00200,2024-01-03,33,Female,Chennai,India,Premium,Retail
CUST00201,2022-12-29,47,Female,Jaipur,India,Premium,Premium
CUST00202,2023-08-10,41,Male,Pune,India,Checking,Business
CUST00203,2024-01-16,39,Female,Chennai,India,Savings,Retail
CUST00204,2021-10-22,31,Female,Kolkata,India,Savings,Retail
CUST00205,2022-06-30,21,Male,Lucknow,India,Savings,Retail
CUST00206,2024-07-27,41,Female,Pune,India,Checking,Retail
CUST00207,2022-07-18,53,Female,Jaipur,India,Savings,Retail
CUST00208,2021-10-01,35,Female,Chennai,India,Savings,Retail
CUST00209,2024-07-07,49,Male,Hyderabad,India,Savings,Premium
CUST00210,2022-10-19,40,Male,Hyderabad,India,Savings,Retail
CUST00211,2021-06-17,42,Other,Hyderabad,India,Savings,Retail
CUST00212,2025-02-05,34,Female,Hyderabad,India,Savings,Retail
CUST00213,2021-07-14,36,Female,Hyderabad,India,Checking,Premium
CUST00214,2021-06-04,27,Male,Lucknow,India,Checking,Retail
CUST00215,2023-01-10,18,Female,Bengaluru,India,Savings,Retail
CUST00216,2022-03-22,63,Female,Bengaluru,India,Savings,Business
CUST00217,2024-05-29,41,Male,Jaipur,India,Savings,Retail
CUST00218,2023-08-09,30,Male,Bengaluru,India,Checking,Retail
CUST00219,2024-03-14,24,Male,Ahmedabad,India,Savings,Premium
CUST00220,2024-06-08,35,Male,Delhi,India,Savings,Retail
CUST00221,2023-09-12,44,Female,Delhi,India,Savings,Retail
CUST00222,2023-09-13,34,Female,Hyderabad,India,Premium,Premium
CUST00223,2023-02-20,50,Male,Ahmedabad,India,Savings,Retail
CUST00224,2023-05-09,49,Female,Pune,India,Savings,Premium
CUST00225,2022-01-25,56,Female,Lucknow,India,Savings,Premium
CUST00226,2022-08-21,18,Male,Lucknow,India,Savings,Retail
CUST00227,2022-08-20,33,Female,Lucknow,India,Checking,Premium
CUST00228,2021-03-24,33,Male,Bengaluru,India,Checking,Retail
CUST00229,2023-10-16,39,Female,Lucknow,India,Savings,Retail
CUST00230,2022-11-03,20,Male,Chennai,India,Savings,Retail
CUST00231,2024-04-30,36,Male,Bengaluru,India,Savings,Premium
CUST00232,2024-03-20,26,Female,Delhi,India,Savings,Retail
CUST00233,2024-08-17,43,Female,Lucknow,India,Premium,Retail
CUST00234,2021-04-07,53,Female,Mumbai,India,Savings,Retail
CUST00235,2024-04-25,33,Female,Lucknow,India,Savings,Retail
CUST00236,2023-02-07,72,Female,Hyderabad,India,Savings,Premium
CUST00237,2023-06-04,52,Male,Ahmedabad,India,Premium,Business
CUST00238,2021-09-18,23,Female,Jaipur,India,Checking,Retail
CUST00239,2024-09-28,49,Female,Ahmedabad,India,Savings,Premium
CUST00240,2022-09-02,45,Male,Bengaluru,India,Savings,Retail
CUST00241,2021-10-26,31,Male,Ahmedabad,India,Checking,Retail
CUST00242,2023-10-24,18,Female,Ahmedabad,India,Premium,Premium
CUST00243,2022-07-07,52,Female,Hyderabad,India,Savings,Retail
CUST00244,2022-10-02,18,Female,Chennai,India,Savings,Premium
CUST00245,2023-12-26,29,Female,Kolkata,India,Savings,Retail
CUST00246,2023-04-05,45,Male,Mumbai,India,Savings,Premium
CUST00247,2023-09-21,36,Female,Ahmedabad,India,Checking,Premium
CUST00248,2023-07-09,66,Female,Ahmedabad,India,Savings,Retail
CUST00249,2023-09-03,40,Female,Ahmedabad,India,Savings,Retail
CUST00250,2021-10-19,18,Female,Jaipur,India,Savings,Retail
CUST00251,2021-11-04,45,Other,Chennai,India,Savings,Retail
CUST00252,2024-10-25,39,Female,Mumbai,India,Checking,Premium
CUST00253,2023-12-06,35,Male,Kolkata,India,Savings,Retail
CUST00254,2023-06-23,39,Female,Ahmedabad,India,Savings,Retail
CUST00255,2022-07-27,31,Female,Jaipur,India,Savings,Premium
CUST00256,2024-09-20,31,Female,Bengaluru,India,Checking,Retail
CUST00257,2021-06-12,23,Male,Delhi,India,Checking,Retail
CUST00258,2023-06-02,48,Male,Mumbai,India,Checking,Retail
CUST00259,2022-12-29,51,Female,Hyderabad,India,Savings,Business
CUST00260,2024-09-07,39,Female,Mumbai,India,Premium,Retail
CUST00261,2023-02-07,41,Female,Hyderabad,India,Savings,Retail
CUST00262,2023-01-01,34,Female,Ahmedabad,India,Savings,Retail
CUST00263,2024-05-20,34,Female,Chennai,India,Checking,Retail
CUST00264,2024-07-16,49,Male,Ahmedabad,India,Savings,Business
CUST00265,2022-08-06,45,Female,Pune,India,Savings,Business
CUST00266,2023-11-15,45,Other,Bengaluru,India,Savings,Premium
CUST00267,2021-06-20,46,Female,Lucknow,India,Savings,Retail
CUST00268,2022-11-07,34,Male,Kolkata,India,Savings,Premium
CUST00269,2023-01-10,22,Male,Jaipur,India,Checking,Retail
CUST00270,2024-09-19,40,Male,Delhi,India,Savings,Retail
CUST00271,2025-01-29,42,Female,Jaipur,India,Savings,Retail
CUST00272,2022-08-24,39,Male,Jaipur,India,Premium,Retail
CUST00273,2021-11-30,30,Male,Kolkata,India,Premium,Retail
CUST00274,2022-01-23,18,Male,Chennai,India,Savings,Retail
CUST00275,2022-12-24,25,Male,Kolkata,India,Checking,Premium
CUST00276,2022-09-02,18,Male,Kolkata,India,Savings,Retail
CUST00277,2024-08-09,31,Female,Jaipur,India,Premium,Retail
CUST00278,2023-02-13,39,Male,Mumbai,India,Premium,Business
CUST00279,2024-11-24,52,Female,Jaipur,India,Savings,Retail
CUST00280,2022-04-25,50,Female,Mumbai,India,Savings,Premium
CUST00281,2024-08-23,48,Female,Ahmedabad,India,Savings,Retail
CUST00282,2024-10-10,57,Female,Bengaluru,India,Premium,Retail
CUST00283,2024-09-01,23,Male,Bengaluru,India,Savings,Business
CUST00284,2023-12-03,62,Female,Mumbai,India,Savings,Premium
CUST00285,2023-11-22,48,Male,Jaipur,India,Checking,Business
CUST00286,2024-01-12,35,Male,Delhi,India,Savings,Retail
CUST00287,2022-05-23,35,Female,Hyderabad,India,Savings,Retail
CUST00288,2022-02-10,40,Male,Delhi,India,Savings,Retail
CUST00289,2021-10-05,28,Male,Pune,India,Savings,Retail
CUST00290,2024-10-11,44,Female,Ahmedabad,India,Checking,Retail
CUST00291,2023-02-24,31,Male,Kolkata,India,Savings,Business
CUST00292,2021-12-22,51,Male,Chennai,India,Savings,Retail
CUST00293,2024-07-23,45,Female,Lucknow,India,Savings,Retail
CUST00294,2024-12-25,44,Female,Mumbai,India,Savings,Business
CUST00295,2022-03-31,20,Female,Jaipur,India,Premium,Retail
CUST00296,2024-04-03,45,Male,Delhi,India,Savings,Retail
CUST00297,2023-02-16,41,Male,Kolkata,India,Savings,Retail
CUST00298,2024-10-05,45,Female,Jaipur,India,Premium,Retail
CUST00299,2022-12-10,72,Female,Delhi,India,Savings,Premium
CUST00300,2024-07-23,24,Female,Ahmedabad,India,Savings,Business
CUST00301,2022-01-08,49,Male,Delhi,India,Premium,Retail
CUST00302,2022-02-10,34,Male,Bengaluru,India,Savings,Retail
CUST00303,2021-03-23,27,Other,Chennai,India,Savings,Retail
CUST00304,2023-10-03,36,Female,Lucknow,India,Savings,Retail
CUST00305,2023-03-29,47,Male,Jaipur,India,Checking,Premium
CUST00306,2021-06-09,41,Female,Lucknow,India,Checking,Retail
CUST00307,2021-12-08,25,Male,Kolkata,India,Savings,Retail
CUST00308,2023-04-22,43,Male,Bengaluru,India,Premium,Retail
CUST00309,2022-02-14,38,Male,Chennai,India,Savings,Retail
CUST00310,2022-09-20,43,Female,Pune,India,Savings,Premium
CUST00311,2022-11-03,33,Male,Jaipur,India,Savings,Retail
CUST00312,2024-07-01,70,Female,Lucknow,India,Checking,Retail
CUST00313,2025-02-12,39,Female,Mumbai,India,Checking,Retail
CUST00314,2024-02-16,41,Male,Delhi,India,Checking,Retail
CUST00315,2022-04-07,44,Male,Lucknow,India,Savings,Premium
CUST00316,2022-10-25,29,Male,Lucknow,India,Savings,Retail
CUST00317,2022-12-13,38,Male,Jaipur,India,Savings,Retail
CUST00318,2022-10-20,18,Male,Kolkata,India,Checking,Business
CUST00319,2021-05-23,44,Male,Chennai,India,Savings,Retail
CUST00320,2024-05-30,35,Female,Delhi,India,Savings,Retail
CUST00321,2025-02-06,45,Male,Chennai,India,Savings,Business
CUST00322,2022-04-22,47,Male,Hyderabad,India,Savings,Business
CUST00323,2022-05-02,36,Female,Ahmedabad,India,Premium,Premium
CUST00324,2022-10-16,24,Female,Jaipur,India,Checking,Retail
CUST00325,2023-03-16,25,Female,Hyderabad,India,Checking,Retail
CUST00326,2022-04-22,27,Male,Ahmedabad,India,Premium,Retail
CUST00327,2022-09-23,30,Female,Bengaluru,India,Savings,Premium
CUST00328,2023-11-28,46,Male,Ahmedabad,India,Savings,Retail
CUST00329,2023-12-28,44,Male,Pune,India,Savings,Business
CUST00330,2024-07-28,45,Male,Bengaluru,India,Savings,Premium
CUST00331,2025-01-22,48,Female,Hyderabad,India,Premium,Retail
CUST00332,2023-06-23,52,Female,Hyderabad,India,Checking,Retail
CUST00333,2024-04-27,65,Female,Jaipur,India,Savings,Retail
CUST00334,2021-05-08,51,Male,Bengaluru,India,Premium,Retail
CUST00335,2021-08-05,27,Male,Mumbai,India,Savings,Retail
CUST00336,2025-01-20,53,Female,Pune,India,Checking,Retail
CUST00337,2024-09-19,42,Male,Kolkata,India,Savings,Retail
CUST00338,2023-06-12,51,Female,Chennai,India,Savings,Retail
CUST00339,2022-11-09,49,Male,Delhi,India,Savings,Premium
CUST00340,2023-12-24,71,Female,Ahmedabad,India,Checking,Retail
CUST00341,2021-10-08,35,Male,Chennai,India,Premium,Retail
CUST00342,2023-08-06,45,Male,Pune,India,Checking,Premium
CUST00343,2023-01-18,41,Male,Pune,India,Premium,Retail
CUST00344,2024-05-17,68,Female,Pune,India,Savings,Retail
CUST00345,2022-02-05,35,Male,Delhi,India,Savings,Premium
CUST00346,2024-12-11,38,Male,Kolkata,India,Checking,Premium
CUST00347,2021-06-17,30,Other,Kolkata,India,Checking,Retail
CUST00348,2023-03-01,18,Male,Delhi,India,Savings,Retail
CUST00349,2021-09-29,45,Female,Pune,India,Checking,Retail
CUST00350,2021-05-11,27,Female,Pune,India,Savings,Retail
CUST00351,2023-11-02,56,Female,Mumbai,India,Checking,Retail
CUST00352,2023-12-24,45,Male,Chennai,India,Checking,Premium
CUST00353,2022-01-07,51,Male,Delhi,India,Premium,Retail
CUST00354,2024-04-04,25,Male,Chennai,India,Checking,Retail
CUST00355,2024-05-24,36,Female,Mumbai,India,Savings,Premium
CUST00356,2022-06-09,33,Male,Hyderabad,India,Premium,Retail
CUST00357,2022-10-04,28,Male,Lucknow,India,Checking,Retail
CUST00358,2024-02-23,22,Male,Mumbai,India,Savings,Premium
CUST00359,2023-10-03,53,Female,Delhi,India,Checking,Retail
CUST00360,2024-12-20,27,Male,Lucknow,India,Checking,Retail
CUST00361,2025-01-10,27,Female,Lucknow,India,Savings,Premium
CUST00362,2025-03-02,54,Male,Hyderabad,India,Savings,Retail
CUST00363,2022-09-10,28,Male,Chennai,India,Savings,Retail
CUST00364,2022-12-17,44,Female,Kolkata,India,Savings,Retail
CUST00365,2024-09-14,42,Female,Ahmedabad,India,Savings,Retail
CUST00366,2024-11-04,39,Female,Lucknow,India,Checking,Retail
CUST00367,2024-02-12,59,Male,Kolkata,India,Premium,Retail
CUST00368,2022-04-06,37,Male,Delhi,India,Savings,Retail
CUST00369,2021-09-23,39,Male,Ahmedabad,India,Savings,Retail
CUST00370,2023-09-05,45,Female,Hyderabad,India,Savings,Business
CUST00371,2023-03-12,34,Female,Mumbai,India,Savings,Retail
CUST00372,2021-06-17,18,Female,Jaipur,India,Savings,Premium
CUST00373,2022-12-03,42,Female,Jaipur,India,Premium,Premium
CUST00374,2024-07-26,43,Female,Hyderabad,India,Savings,Retail
CUST00375,2021-10-25,37,Female,Jaipur,India,Savings,Retail
CUST00376,2023-08-25,49,Female,Delhi,India,Checking,Premium
CUST00377,2023-10-21,41,Female,Ahmedabad,India,Checking,Retail
CUST00378,2023-08-02,28,Male,Ahmedabad,India,Savings,Business
CUST00379,2023-11-26,36,Female,Jaipur,India,Savings,Retail
CUST00380,2022-09-22,22,Male,Mumbai,India,Checking,Retail
CUST00381,2023-12-04,37,Female,Pune,India,Checking,Retail
CUST00382,2022-10-28,40,Female,Jaipur,India,Savings,Retail
CUST00383,2024-06-24,39,Female,Bengaluru,India,Savings,Business
CUST00384,2024-06-12,52,Female,Delhi,India,Savings,Retail
CUST00385,2025-01-25,26,Male,Chennai,India,Savings,Retail
CUST00386,2022-12-03,66,Male,Kolkata,India,Savings,Retail
CUST00387,2023-10-30,30,Male,Pune,India,Checking,Retail
CUST00388,2022-06-25,33,Female,Hyderabad,India,Checking,Premium
CUST00389,2021-07-20,30,Male,Mumbai,India,Savings,Retail
CUST00390,2024-12-09,56,Female,Pune,India,Savings,Retail
CUST00391,2021-09-14,29,Male,Chennai,India,Savings,Retail
CUST00392,2025-01-10,22,Female,Ahmedabad,India,Premium,Retail
CUST00393,2023-01-20,39,Male,Kolkata,India,Premium,Retail
CUST00394,2022-10-15,40,Female,Lucknow,India,Checking,Retail
CUST00395,2024-04-15,46,Male,Jaipur,India,Savings,Premium
CUST00396,2023-01-17,50,Female,Delhi,India,Checking,Retail
CUST00397,2024-03-16,33,Female,Kolkata,India,Savings,Business
CUST00398,2024-04-07,58,Female,Lucknow,India,Checking,Retail
CUST00399,2023-10-24,54,Male,Lucknow,India,Checking,Retail
CUST00400,2022-11-13,50,Male,Ahmedabad,India,Savings,Retail
CUST00401,2023-04-03,39,Female,Pune,India,Savings,Retail
CUST00402,2022-09-18,29,Female,Mumbai,India,Checking,Business
CUST00403,2023-01-25,59,Female,Ahmedabad,India,Savings,Retail
CUST00404,2021-05-01,32,Male,Kolkata,India,Savings,Retail
CUST00405,2022-02-11,30,Male,Bengaluru,India,Savings,Retail
CUST00406,2022-08-30,31,Female,Chennai,India,Savings,Premium
CUST00407,2021-04-25,46,Male,Hyderabad,India,Savings,Retail
CUST00408,2021-10-22,48,Male,Delhi,India,Premium,Retail
CUST00409,2025-02-06,21,Male,Mumbai,India,Savings,Retail
CUST00410,2024-08-31,20,Male,Delhi,India,Savings,Retail
CUST00411,2023-03-09,25,Female,Lucknow,India,Savings,Retail
CUST00412,2022-12-24,27,Male,Lucknow,India,Savings,Business
CUST00413,2023-05-29,40,Male,Lucknow,India,Savings,Business
CUST00414,2023-07-12,30,Male,Lucknow,India,Savings,Retail
CUST00415,2023-11-03,55,Male,Delhi,India,Savings,Premium
CUST00416,2021-08-26,33,Male,Delhi,India,Checking,Retail
CUST00417,2023-10-16,22,Male,Kolkata,India,Checking,Retail
CUST00418,2022-03-14,25,Female,Chennai,India,Savings,Retail
CUST00419,2021-03-08,42,Female,Delhi,India,Savings,Retail
CUST00420,2021-06-04,44,Male,Delhi,India,Premium,Retail
CUST00421,2023-01-22,30,Female,Mumbai,India,Savings,Business
CUST00422,2023-10-22,31,Male,Chennai,India,Savings,Retail
CUST00423,2024-02-12,38,Female,Lucknow,India,Checking,Premium
CUST00424,2024-06-19,42,Male,Kolkata,India,Checking,Retail
CUST00425,2021-04-16,40,Female,Pune,India,Checking,Retail
CUST00426,2021-09-05,21,Female,Pune,India,Savings,Retail
CUST00427,2022-08-04,18,Male,Pune,India,Savings,Premium
CUST00428,2023-11-01,38,Male,Mumbai,India,Premium,Retail
CUST00429,2021-08-22,52,Male,Ahmedabad,India,Savings,Retail
CUST00430,2024-09-18,44,Male,Pune,India,Savings,Retail
CUST00431,2023-04-13,29,Female,Ahmedabad,India,Savings,Retail
CUST00432,2021-07-02,50,Male,Mumbai,India,Savings,Retail
CUST00433,2023-08-09,21,Female,Ahmedabad,India,Checking,Retail
CUST00434,2023-03-16,35,Male,Mumbai,India,Checking,Premium
CUST00435,2023-02-20,54,Male,Bengaluru,India,Savings,Retail
CUST00436,2021-06-28,23,Female,Hyderabad,India,Savings,Premium
CUST00437,2022-12-31,19,Male,Ahmedabad,India,Savings,Business
CUST00438,2024-03-17,66,Male,Bengaluru,India,Checking,Retail
CUST00439,2023-04-20,50,Female,Hyderabad,India,Premium,Business
CUST00440,2024-08-25,42,Male,Hyderabad,India,Savings,Retail
CUST00441,2024-12-13,41,Male,Lucknow,India,Checking,Retail
CUST00442,2025-01-27,39,Female,Lucknow,India,Checking,Retail
CUST00443,2024-07-23,32,Male,Delhi,India,Savings,Retail
CUST00444,2021-12-26,49,Female,Hyderabad,India,Savings,Retail
CUST00445,2024-08-31,32,Female,Hyderabad,India,Savings,Retail
CUST00446,2022-11-27,34,Male,Mumbai,India,Savings,Retail
CUST00447,2024-01-29,40,Male,Jaipur,India,Checking,Premium
CUST00448,2024-07-03,22,Male,Pune,India,Savings,Retail
CUST00449,2022-01-07,46,Female,Lucknow,India,Premium,Business
CUST00450,2024-11-27,49,Female,Kolkata,India,Savings,Retail
CUST00451,2024-06-20,45,Male,Ahmedabad,India,Savings,Retail
CUST00452,2025-01-07,47,Male,Pune,India,Savings,Retail
CUST00453,2021-05-22,47,Female,Ahmedabad,India,Savings,Retail
CUST00454,2023-03-18,42,Female,Kolkata,India,Checking,Retail
CUST00455,2023-01-03,42,Male,Ahmedabad,India,Checking,Business
CUST00456,2024-03-24,31,Female,Mumbai,India,Savings,Retail
CUST00457,2022-06-16,74,Female,Delhi,India,Savings,Retail
CUST00458,2025-01-12,59,Female,Ahmedabad,India,Checking,Retail
CUST00459,2023-10-11,28,Male,Hyderabad,India,Savings,Retail
CUST00460,2023-05-13,44,Female,Lucknow,India,Savings,Retail
CUST00461,2022-01-01,23,Male,Bengaluru,India,Savings,Retail
CUST00462,2024-09-05,48,Male,Lucknow,India,Savings,Retail
CUST00463,2021-11-28,44,Male,Chennai,India,Savings,Retail
CUST00464,2021-10-15,20,Female,Chennai,India,Checking,Retail
CUST00465,2023-11-29,35,Female,Pune,India,Checking,Retail
CUST00466,2024-08-06,43,Male,Chennai,India,Savings,Retail
CUST00467,2021-10-17,37,Female,Kolkata,India,Savings,Retail
CUST00468,2022-03-27,64,Male,Pune,India,Premium,Retail
CUST00469,2024-08-20,30,Male,Mumbai,India,Savings,Retail
CUST00470,2023-04-10,25,Male,Pune,India,Premium,Business
CUST00471,2023-03-20,24,Male,Mumbai,India,Savings,Retail
CUST00472,2021-12-16,27,Female,Ahmedabad,India,Checking,Retail
CUST00473,2022-11-02,49,Male,Bengaluru,India,Savings,Retail
CUST00474,2023-10-29,39,Male,Pune,India,Savings,Retail
CUST00475,2024-05-24,37,Male,Delhi,India,Checking,Retail
CUST00476,2021-08-02,18,Female,Mumbai,India,Savings,Retail
CUST00477,2021-05-28,47,Female,Hyderabad,India,Savings,Retail
CUST00478,2024-08-30,33,Female,Chennai,India,Checking,Retail
CUST00479,2023-01-17,45,Female,Mumbai,India,Savings,Retail
CUST00480,2023-01-19,49,Male,Hyderabad,India,Premium,Retail
CUST00481,2022-11-27,32,Female,Kolkata,India,Savings,Business
CUST00482,2024-03-14,36,Female,Lucknow,India,Premium,Premium
CUST00483,2023-03-31,47,Female,Kolkata,India,Savings,Premium
CUST00484,2023-07-05,38,Female,Pune,India,Savings,Retail
CUST00485,2023-01-01,43,Female,Mumbai,India,Checking,Retail
CUST00486,2024-01-11,20,Male,Jaipur,India,Savings,Retail
CUST00487,2021-08-28,43,Male,Jaipur,India,Checking,Premium
CUST00488,2022-02-28,31,Male,Mumbai,India,Savings,Retail
CUST00489,2022-02-07,43,Female,Delhi,India,Premium,Retail
CUST00490,2024-02-10,19,Other,Chennai,India,Checking,Retail
CUST00491,2022-08-13,26,Female,Ahmedabad,India,Savings,Business
CUST00492,2023-10-07,43,Male,Mumbai,India,Checking,Premium
CUST00493,2021-12-22,28,Male,Lucknow,India,Checking,Retail
CUST00494,2021-12-03,32,Female,Jaipur,India,Checking,Business
CUST00495,2021-07-13,46,Female,Pune,India,Checking,Premium
CUST00496,2023-12-26,37,Female,Pune,India,Checking,Premium
CUST00497,2022-02-27,39,Female,Ahmedabad,India,Savings,Premium
CUST00498,2021-04-09,26,Female,Ahmedabad,India,Checking,Retail
CUST00499,2022-09-29,18,Male,Ahmedabad,India,Premium,Business
CUST00500,2024-11-19,39,Female,Pune,India,Premium,Retail
CUST00501,2021-03-06,51,Male,Hyderabad,India,Checking,Retail
CUST00502,2025-01-23,46,Male,Hyderabad,India,Checking,Retail
CUST00503,2024-03-28,35,Male,Chennai,India,Premium,Retail
CUST00504,2023-06-21,62,Male,Hyderabad,India,Premium,Retail
CUST00505,2024-07-28,51,Female,Pune,India,Savings,Premium
CUST00506,2023-01-25,38,Female,Ahmedabad,India,Savings,Business
CUST00507,2025-02-07,46,Male,Hyderabad,India,Checking,Retail
CUST00508,2024-01-13,40,Female,Chennai,India,Savings,Premium
CUST00509,2022-08-26,35,Male,Ahmedabad,India,Premium,Premium
CUST00510,2022-03-02,43,Male,Ahmedabad,India,Savings,Premium
CUST00511,2023-04-03,42,Male,Lucknow,India,Savings,Retail
CUST00512,2023-05-25,38,Female,Lucknow,India,Savings,Retail
CUST00513,2023-07-24,19,Male,Chennai,India,Checking,Premium
CUST00514,2021-10-13,21,Female,Chennai,India,Savings,Retail
CUST00515,2023-10-18,36,Female,Pune,India,Checking,Retail
CUST00516,2023-02-02,44,Female,Pune,India,Savings,Retail
CUST00517,2023-02-20,35,Female,Pune,India,Checking,Retail
CUST00518,2024-01-18,35,Male,Chennai,India,Premium,Retail
CUST00519,2022-12-29,46,Male,Bengaluru,India,Savings,Retail
CUST00520,2021-06-28,40,Male,Lucknow,India,Savings,Retail
CUST00521,2021-04-07,41,Female,Chennai,India,Checking,Retail
CUST00522,2022-01-05,54,Male,Jaipur,India,Savings,Retail
CUST00523,2021-03-07,18,Female,Hyderabad,India,Savings,Retail
CUST00524,2023-10-04,47,Male,Chennai,India,Savings,Retail
CUST00525,2024-01-11,31,Female,Bengaluru,India,Savings,Retail
CUST00526,2021-03-13,29,Female,Kolkata,India,Savings,Retail
CUST00527,2022-04-15,37,Female,Jaipur,India,Checking,Business
CUST00528,2023-07-08,52,Male,Jaipur,India,Checking,Retail
CUST00529,2022-04-06,40,Female,Jaipur,India,Savings,Business
CUST00530,2024-04-25,20,Female,Lucknow,India,Savings,Retail
CUST00531,2021-04-23,48,Male,Ahmedabad,India,Savings,Retail
CUST00532,2024-09-19,38,Female,Ahmedabad,India,Savings,Premium
CUST00533,2022-02-13,38,Female,Hyderabad,India,Savings,Retail
CUST00534,2024-03-20,18,Female,Delhi,India,Savings,Retail
CUST00535,2021-10-24,30,Female,Pune,India,Checking,Retail
CUST00536,2022-07-04,43,Female,Jaipur,India,Checking,Retail
CUST00537,2022-07-05,53,Female,Mumbai,India,Savings,Business
CUST00538,2023-01-17,27,Male,Delhi,India,Savings,Retail
CUST00539,2024-10-06,36,Male,Pune,India,Checking,Retail
CUST00540,2024-01-26,27,Female,Bengaluru,India,Savings,Retail
CUST00541,2022-09-08,49,Male,Lucknow,India,Savings,Retail
CUST00542,2023-12-03,40,Female,Chennai,India,Checking,Retail
CUST00543,2024-09-26,32,Female,Pune,India,Savings,Premium
CUST00544,2022-08-11,45,Male,Kolkata,India,Savings,Retail
CUST00545,2022-04-20,34,Female,Kolkata,India,Savings,Premium
CUST00546,2024-11-19,36,Male,Kolkata,India,Checking,Premium
CUST00547,2023-02-17,45,Male,Bengaluru,India,Checking,Retail
CUST00548,2022-06-18,32,Female,Ahmedabad,India,Savings,Retail
CUST00549,2022-12-08,43,Male,Chennai,India,Checking,Retail
CUST00550,2024-07-05,59,Male,Delhi,India,Savings,Business
CUST00551,2021-11-19,56,Other,Hyderabad,India,Checking,Business
CUST00552,2024-10-26,48,Female,Jaipur,India,Savings,Retail
CUST00553,2021-10-15,18,Male,Lucknow,India,Savings,Retail
CUST00554,2022-03-18,31,Female,Jaipur,India,Savings,Retail
CUST00555,2023-01-17,56,Male,Pune,India,Savings,Retail
CUST00556,2024-06-14,34,Female,Chennai,India,Checking,Retail
CUST00557,2024-06-18,35,Male,Chennai,India,Checking,Retail
CUST00558,2024-10-14,35,Male,Lucknow,India,Savings,Retail
CUST00559,2023-05-13,36,Male,Chennai,India,Savings,Retail
CUST00560,2023-11-12,33,Male,Kolkata,India,Savings,Premium
CUST00561,2024-09-16,23,Other,Hyderabad,India,Checking,Business
CUST00562,2024-08-19,57,Male,Lucknow,India,Savings,Retail
CUST00563,2021-06-02,22,Female,Chennai,India,Savings,Retail
CUST00564,2022-11-11,32,Male,Delhi,India,Savings,Retail
CUST00565,2022-05-27,33,Male,Hyderabad,India,Savings,Retail
CUST00566,2024-04-16,45,Male,Mumbai,India,Premium,Retail
CUST00567,2022-04-09,45,Male,Mumbai,India,Savings,Retail
CUST00568,2024-08-20,25,Male,Delhi,India,Premium,Retail
CUST00569,2024-11-26,35,Female,Hyderabad,India,Checking,Retail
CUST00570,2022-12-15,24,Female,Mumbai,India,Savings,Retail
CUST00571,2021-07-26,28,Female,Bengaluru,India,Premium,Retail
CUST00572,2022-05-12,52,Female,Kolkata,India,Savings,Business
CUST00573,2021-11-25,40,Male,Delhi,India,Checking,Retail
CUST00574,2023-02-02,37,Male,Ahmedabad,India,Savings,Business
CUST00575,2023-10-27,18,Female,Chennai,India,Checking,Business
CUST00576,2023-11-23,44,Female,Jaipur,India,Savings,Business
CUST00577,2022-02-20,25,Female,Delhi,India,Checking,Retail
CUST00578,2021-08-14,41,Male,Delhi,India,Savings,Retail
CUST00579,2023-05-30,21,Female,Kolkata,India,Savings,Retail
CUST00580,2024-09-27,41,Male,Chennai,India,Savings,Business
CUST00581,2023-04-01,35,Female,Delhi,India,Savings,Premium
CUST00582,2024-07-27,55,Male,Kolkata,India,Savings,Business
CUST00583,2023-11-28,41,Male,Lucknow,India,Checking,Retail
CUST00584,2022-09-06,34,Female,Jaipur,India,Checking,Retail
CUST00585,2021-04-17,26,Other,Chennai,India,Checking,Business
CUST00586,2022-09-16,45,Female,Delhi,India,Checking,Retail
CUST00587,2024-12-19,35,Female,Hyderabad,India,Savings,Retail
CUST00588,2024-06-22,36,Male,Ahmedabad,India,Savings,Retail
CUST00589,2024-12-04,31,Female,Mumbai,India,Savings,Retail
CUST00590,2024-12-14,40,Male,Mumbai,India,Savings,Retail
CUST00591,2023-01-19,37,Female,Jaipur,India,Savings,Retail
CUST00592,2022-08-06,23,Female,Hyderabad,India,Premium,Retail
CUST00593,2023-10-11,48,Female,Kolkata,India,Premium,Retail
CUST00594,2023-10-09,32,Female,Hyderabad,India,Savings,Premium
CUST00595,2024-03-21,18,Male,Mumbai,India,Checking,Retail
CUST00596,2024-10-10,28,Female,Jaipur,India,Savings,Retail
CUST00597,2025-01-19,38,Female,Ahmedabad,India,Savings,Retail
CUST00598,2024-03-17,51,Male,Chennai,India,Checking,Retail
CUST00599,2024-05-25,42,Male,Lucknow,India,Savings,Retail
CUST00600,2022-11-21,50,Male,Jaipur,India,Checking,Retail
CUST00601,2023-04-13,40,Female,Ahmedabad,India,Savings,Retail
CUST00602,2022-08-12,55,Female,Ahmedabad,India,Savings,Retail
CUST00603,2023-12-01,55,Female,Mumbai,India,Savings,Premium
CUST00604,2025-02-07,50,Female,Jaipur,India,Savings,Retail
CUST00605,2022-03-27,41,Female,Jaipur,India,Checking,Premium
CUST00606,2022-12-07,38,Male,Ahmedabad,India,Savings,Business
CUST00607,2021-08-21,42,Male,Mumbai,India,Savings,Premium
CUST00608,2024-08-26,37,Other,Kolkata,India,Savings,Premium
CUST00609,2021-07-15,47,Male,Kolkata,India,Savings,Retail
CUST00610,2024-05-02,18,Other,Hyderabad,India,Checking,Retail
CUST00611,2023-11-21,34,Female,Chennai,India,Checking,Retail
CUST00612,2025-01-24,44,Female,Pune,India,Checking,Retail
CUST00613,2021-11-23,58,Male,Ahmedabad,India,Checking,Retail
CUST00614,2021-11-17,43,Male,Bengaluru,India,Checking,Retail
CUST00615,2022-07-26,26,Male,Lucknow,India,Checking,Retail
CUST00616,2021-12-19,45,Female,Pune,India,Savings,Retail
CUST00617,2023-10-15,40,Male,Lucknow,India,Savings,Premium
CUST00618,2022-05-16,32,Male,Kolkata,India,Checking,Premium
CUST00619,2022-08-24,56,Male,Ahmedabad,India,Checking,Retail
CUST00620,2022-01-10,32,Male,Pune,India,Savings,Retail
CUST00621,2021-05-20,42,Female,Pune,India,Savings,Premium
CUST00622,2022-01-16,26,Male,Chennai,India,Checking,Retail
CUST00623,2021-11-07,29,Male,Ahmedabad,India,Checking,Retail
CUST00624,2022-12-19,53,Female,Hyderabad,India,Savings,Premium
CUST00625,2023-02-13,32,Female,Mumbai,India,Checking,Retail
CUST00626,2022-02-15,63,Female,Delhi,India,Checking,Retail
CUST00627,2021-04-29,40,Female,Pune,India,Savings,Retail
CUST00628,2024-03-15,29,Male,Bengaluru,India,Savings,Retail
CUST00629,2021-04-19,43,Female,Chennai,India,Savings,Premium
CUST00630,2023-08-16,44,Female,Bengaluru,India,Savings,Retail
CUST00631,2022-11-28,51,Female,Delhi,India,Savings,Retail
CUST00632,2022-11-16,42,Female,Lucknow,India,Savings,Retail
CUST00633,2023-12-05,28,Male,Mumbai,India,Savings,Retail
CUST00634,2021-09-08,33,Male,Delhi,India,Premium,Retail
CUST00635,2025-02-02,46,Female,Kolkata,India,Checking,Retail
CUST00636,2023-06-19,19,Male,Lucknow,India,Checking,Retail
CUST00637,2023-11-07,29,Other,Ahmedabad,India,Savings,Retail
CUST00638,2022-03-02,40,Female,Delhi,India,Savings,Retail
CUST00639,2023-05-17,32,Male,Mumbai,India,Savings,Retail
CUST00640,2021-09-15,37,Male,Delhi,India,Checking,Retail
CUST00641,2022-10-15,36,Male,Delhi,India,Savings,Retail
CUST00642,2022-12-25,42,Female,Hyderabad,India,Checking,Premium
CUST00643,2021-10-15,46,Female,Bengaluru,India,Savings,Premium
CUST00644,2024-09-15,44,Male,Mumbai,India,Savings,Premium
CUST00645,2023-07-03,21,Female,Lucknow,India,Savings,Retail
CUST00646,2023-04-24,25,Female,Bengaluru,India,Savings,Retail
CUST00647,2021-09-13,21,Male,Ahmedabad,India,Checking,Retail
CUST00648,2021-08-23,40,Female,Jaipur,India,Checking,Retail
CUST00649,2023-02-25,37,Female,Chennai,India,Savings,Retail
CUST00650,2021-06-24,48,Other,Mumbai,India,Checking,Retail
CUST00651,2022-06-15,40,Male,Kolkata,India,Premium,Retail
CUST00652,2021-08-29,25,Male,Hyderabad,India,Savings,Retail
CUST00653,2021-06-25,41,Female,Chennai,India,Premium,Retail
CUST00654,2022-03-02,51,Male,Chennai,India,Savings,Retail
CUST00655,2024-11-14,26,Male,Kolkata,India,Savings,Retail
CUST00656,2022-07-30,49,Female,Pune,India,Checking,Business
CUST00657,2024-01-20,25,Male,Jaipur,India,Savings,Retail
CUST00658,2023-01-08,40,Male,Bengaluru,India,Savings,Retail
CUST00659,2022-12-19,37,Female,Bengaluru,India,Savings,Retail
CUST00660,2024-05-24,41,Male,Bengaluru,India,Checking,Retail
CUST00661,2022-07-01,52,Female,Hyderabad,India,Savings,Premium
CUST00662,2021-11-11,59,Male,Lucknow,India,Checking,Retail
CUST00663,2023-08-05,34,Female,Jaipur,India,Savings,Retail
CUST00664,2022-06-10,18,Female,Delhi,India,Savings,Retail
CUST00665,2022-01-19,21,Male,Lucknow,India,Savings,Retail
CUST00666,2022-03-26,32,Male,Bengaluru,India,Savings,Premium
CUST00667,2024-03-19,43,Male,Pune,India,Savings,Business
CUST00668,2021-11-23,40,Female,Mumbai,India,Savings,Retail
CUST00669,2023-06-01,41,Male,Lucknow,India,Savings,Retail
CUST00670,2023-06-27,36,Female,Hyderabad,India,Checking,Retail
CUST00671,2024-02-28,61,Male,Bengaluru,India,Savings,Retail
CUST00672,2021-08-10,70,Male,Lucknow,India,Savings,Retail
CUST00673,2025-02-04,42,Female,Bengaluru,India,Savings,Retail
CUST00674,2023-07-31,27,Female,Jaipur,India,Savings,Retail
CUST00675,2024-04-25,30,Female,Pune,India,Savings,Business
CUST00676,2023-03-26,37,Male,Lucknow,India,Savings,Retail
CUST00677,2022-12-17,32,Male,Ahmedabad,India,Savings,Retail
CUST00678,2023-03-15,18,Female,Hyderabad,India,Checking,Retail
CUST00679,2024-04-14,47,Female,Pune,India,Savings,Premium
CUST00680,2021-11-20,41,Male,Mumbai,India,Savings,Business
CUST00681,2022-06-08,39,Female,Jaipur,India,Savings,Retail
CUST00682,2021-04-10,35,Female,Ahmedabad,India,Savings,Retail
CUST00683,2021-09-08,42,Female,Pune,India,Savings,Retail
CUST00684,2021-07-14,18,Male,Pune,India,Checking,Retail
CUST00685,2021-10-17,44,Female,Delhi,India,Premium,Premium
CUST00686,2022-09-21,48,Male,Ahmedabad,India,Savings,Premium
CUST00687,2025-02-08,33,Male,Jaipur,India,Savings,Retail
CUST00688,2024-09-09,36,Male,Kolkata,India,Savings,Premium
CUST00689,2021-09-10,48,Female,Mumbai,India,Checking,Retail
CUST00690,2024-09-02,35,Male,Jaipur,India,Checking,Premium
CUST00691,2024-05-05,41,Female,Hyderabad,India,Savings,Retail
CUST00692,2023-12-29,26,Female,Pune,India,Savings,Retail
CUST00693,2022-02-09,42,Male,Kolkata,India,Checking,Premium
CUST00694,2022-08-04,60,Male,Lucknow,India,Savings,Retail
CUST00695,2024-12-08,37,Male,Bengaluru,India,Checking,Premium
CUST00696,2021-08-11,19,Male,Jaipur,India,Premium,Retail
CUST00697,2021-12-14,46,Female,Delhi,India,Premium,Retail
CUST00698,2024-09-08,32,Female,Kolkata,India,Savings,Retail
CUST00699,2022-07-05,32,Female,Hyderabad,India,Savings,Retail
CUST00700,2021-09-09,33,Female,Kolkata,India,Checking,Retail
CUST00701,2021-03-19,44,Female,Kolkata,India,Savings,Premium
CUST00702,2022-12-08,30,Female,Jaipur,India,Checking,Premium
CUST00703,2022-09-05,24,Male,Bengaluru,India,Savings,Retail
CUST00704,2022-06-19,42,Male,Ahmedabad,India,Savings,Retail
CUST00705,2025-02-13,48,Male,Chennai,India,Checking,Retail
CUST00706,2022-05-26,18,Female,Jaipur,India,Savings,Retail
CUST00707,2024-09-26,18,Female,Lucknow,India,Savings,Retail
CUST00708,2022-12-09,34,Male,Delhi,India,Savings,Retail
CUST00709,2022-07-04,25,Male,Pune,India,Savings,Retail
CUST00710,2023-01-28,41,Female,Kolkata,India,Savings,Retail
CUST00711,2021-10-13,35,Male,Ahmedabad,India,Savings,Retail
CUST00712,2024-11-28,36,Female,Bengaluru,India,Checking,Retail
CUST00713,2023-01-06,38,Female,Jaipur,India,Checking,Retail
CUST00714,2023-02-02,36,Male,Mumbai,India,Savings,Premium
CUST00715,2023-09-09,18,Male,Jaipur,India,Checking,Premium
CUST00716,2022-12-07,22,Other,Chennai,India,Savings,Business
CUST00717,2021-12-03,46,Female,Bengaluru,India,Savings,Retail
CUST00718,2022-05-04,18,Male,Pune,India,Savings,Retail
CUST00719,2024-04-27,36,Male,Lucknow,India,Savings,Retail
CUST00720,2023-07-04,28,Male,Chennai,India,Premium,Retail
CUST00721,2024-09-28,45,Female,Chennai,India,Checking,Retail
CUST00722,2024-11-04,39,Female,Hyderabad,India,Premium,Retail
CUST00723,2021-10-21,49,Female,Chennai,India,Checking,Business
CUST00724,2021-03-31,29,Male,Jaipur,India,Savings,Retail
CUST00725,2021-09-17,42,Female,Delhi,India,Checking,Retail
CUST00726,2023-10-20,29,Female,Lucknow,India,Checking,Business
CUST00727,2022-05-14,34,Male,Kolkata,India,Checking,Retail
CUST00728,2024-09-02,43,Male,Bengaluru,India,Savings,Business
CUST00729,2023-09-20,37,Female,Jaipur,India,Savings,Retail
CUST00730,2025-01-05,28,Male,Pune,India,Savings,Business
CUST00731,2022-10-27,35,Male,Jaipur,India,Savings,Retail
CUST00732,2023-09-29,50,Female,Mumbai,India,Savings,Retail
CUST00733,2023-02-25,28,Male,Delhi,India,Checking,Retail
CUST00734,2021-08-14,25,Male,Chennai,India,Checking,Retail
CUST00735,2024-03-05,38,Male,Delhi,India,Savings,Retail
CUST00736,2024-03-08,47,Female,Kolkata,India,Savings,Premium
CUST00737,2022-03-03,29,Male,Kolkata,India,Checking,Retail
CUST00738,2024-02-02,38,Male,Chennai,India,Savings,Retail
CUST00739,2023-09-05,39,Male,Delhi,India,Premium,Retail
CUST00740,2021-09-02,62,Male,Bengaluru,India,Savings,Business
CUST00741,2023-10-26,50,Male,Bengaluru,India,Checking,Retail
CUST00742,2021-12-14,36,Female,Hyderabad,India,Savings,Retail
CUST00743,2024-05-05,35,Male,Hyderabad,India,Checking,Retail
CUST00744,2022-08-09,35,Female,Pune,India,Savings,Retail
CUST00745,2024-12-28,31,Male,Pune,India,Checking,Retail
CUST00746,2025-01-04,38,Male,Jaipur,India,Checking,Premium
CUST00747,2021-03-08,31,Male,Kolkata,India,Premium,Retail
CUST00748,2021-07-30,39,Female,Jaipur,India,Premium,Retail
CUST00749,2023-07-06,38,Female,Chennai,India,Checking,Retail
CUST00750,2023-11-08,18,Female,Chennai,India,Savings,Retail
CUST00751,2021-09-20,18,Female,Chennai,India,Savings,Retail
CUST00752,2021-03-10,26,Female,Pune,India,Savings,Retail
CUST00753,2022-02-19,29,Male,Ahmedabad,India,Checking,Retail
CUST00754,2023-08-22,37,Female,Hyderabad,India,Savings,Retail
CUST00755,2025-01-09,54,Male,Hyderabad,India,Checking,Retail
CUST00756,2023-01-09,32,Female,Delhi,India,Savings,Business
CUST00757,2024-01-12,33,Female,Bengaluru,India,Checking,Retail
CUST00758,2024-03-20,29,Male,Bengaluru,India,Premium,Retail
CUST00759,2022-05-11,54,Female,Ahmedabad,India,Savings,Retail
CUST00760,2022-08-25,34,Female,Kolkata,India,Checking,Business
CUST00761,2023-07-01,27,Male,Kolkata,India,Premium,Retail
CUST00762,2023-08-09,47,Female,Ahmedabad,India,Savings,Retail
CUST00763,2023-01-27,36,Female,Kolkata,India,Savings,Premium
CUST00764,2021-07-15,23,Male,Ahmedabad,India,Checking,Retail
CUST00765,2024-01-03,26,Male,Lucknow,India,Premium,Retail
CUST00766,2023-12-04,51,Male,Chennai,India,Savings,Retail
CUST00767,2022-03-16,32,Female,Delhi,India,Savings,Premium
CUST00768,2021-07-22,42,Male,Bengaluru,India,Savings,Retail
CUST00769,2024-08-27,42,Male,Lucknow,India,Savings,Retail
CUST00770,2021-06-15,42,Male,Lucknow,India,Checking,Business
CUST00771,2025-02-14,39,Male,Hyderabad,India,Checking,Retail
CUST00772,2024-12-25,35,Female,Lucknow,India,Checking,Retail
CUST00773,2023-04-03,46,Female,Bengaluru,India,Savings,Retail
CUST00774,2023-02-06,28,Male,Ahmedabad,India,Savings,Business
CUST00775,2024-08-18,51,Female,Mumbai,India,Savings,Retail
CUST00776,2024-08-04,40,Female,Ahmedabad,India,Savings,Retail
CUST00777,2022-01-02,44,Other,Bengaluru,India,Savings,Retail
CUST00778,2022-02-10,37,Female,Mumbai,India,Savings,Retail
CUST00779,2021-11-14,39,Male,Delhi,India,Savings,Premium
CUST00780,2023-04-26,38,Male,Jaipur,India,Savings,Business
CUST00781,2022-08-12,48,Male,Pune,India,Premium,Retail
CUST00782,2021-08-29,52,Male,Ahmedabad,India,Savings,Retail
CUST00783,2024-05-06,34,Male,Lucknow,India,Savings,Retail
CUST00784,2024-04-20,28,Male,Hyderabad,India,Premium,Retail
CUST00785,2023-04-03,34,Female,Jaipur,India,Checking,Retail
CUST00786,2023-03-28,38,Female,Chennai,India,Savings,Business
CUST00787,2022-11-04,54,Male,Bengaluru,India,Checking,Retail
CUST00788,2023-11-02,23,Female,Chennai,India,Premium,Retail
CUST00789,2023-12-28,50,Male,Delhi,India,Savings,Retail
CUST00790,2022-09-08,29,Female,Kolkata,India,Premium,Retail
CUST00791,2023-10-10,46,Female,Jaipur,India,Premium,Retail
CUST00792,2023-04-14,39,Female,Kolkata,India,Checking,Retail
CUST00793,2024-11-20,18,Male,Bengaluru,India,Savings,Retail
CUST00794,2021-06-30,36,Female,Pune,India,Savings,Business
CUST00795,2023-07-07,34,Female,Mumbai,India,Savings,Business
CUST00796,2022-12-14,45,Female,Hyderabad,India,Checking,Retail
CUST00797,2021-08-29,47,Male,Bengaluru,India,Checking,Premium
CUST00798,2022-12-22,18,Male,Kolkata,India,Checking,Retail
CUST00799,2022-08-02,46,Female,Chennai,India,Savings,Retail
CUST00800,2023-02-07,26,Female,Bengaluru,India,Checking,Retail
